Identifiant;target
18702;0
3877;1
4942;0
13428;0
17137;0
7580;1
11501;0
9102;0
11999;0
9772;0
8043;0
19571;0
5907;0
7226;0
10850;0
6189;0
5214;0
1887;1
14852;0
12901;0
18277;0
9210;0
16368;0
17910;1
14025;0
17944;0
6127;0
14116;0
12668;0
12161;0
13018;0
15928;1
8501;1
18659;0
18030;1
10352;0
7036;0
4607;0
502;0
19725;0
13325;0
15867;0
15969;1
5842;0
11886;0
18816;1
14074;0
13577;0
7584;0
6168;0
14349;0
17360;0
19922;0
16428;0
7607;0
4536;0
10707;0
9744;0
7699;0
15896;0
2490;1
2671;1
1322;0
11545;0
10686;0
8476;0
15816;1
1903;1
6296;0
2799;1
14504;0
15941;0
14284;0
13446;0
12758;0
16735;1
6458;0
10098;0
11296;0
10770;0
17520;0
2056;1
2586;0
4296;0
13271;0
70;1
6897;0
10973;0
4187;1
11901;1
15222;0
11119;0
2593;0
10177;0
11743;0
16045;0
10116;0
3805;1
19077;0
15833;1
16085;1
13470;0
4878;0
13093;0
792;0
7480;1
13622;0
19090;0
7301;0
10781;0
760;0
11415;0
13130;0
19561;1
9960;1
7601;0
15282;0
17796;0
7677;0
10147;0
106;0
7873;0
5558;1
18463;1
18695;0
16147;0
9798;1
6261;0
267;0
15429;0
6964;0
15368;0
6908;0
12975;0
3901;0
780;0
5435;0
11689;0
4622;0
11097;1
9008;1
11144;0
11987;0
9799;1
2619;1
940;0
7516;0
8923;0
9406;0
4631;0
1063;0
18903;0
5865;0
15562;0
4142;0
8379;0
18315;0
3644;0
8750;0
7038;0
17752;0
17052;0
13257;0
15873;0
7136;0
18926;0
5348;1
18008;0
1431;1
13525;0
19002;1
5159;0
16524;0
4214;0
6953;0
19010;0
14543;0
12617;0
5588;0
16835;0
8518;0
9020;0
16408;0
18355;1
7553;0
13800;0
18518;0
6878;0
13907;1
2371;0
16411;0
18264;0
15989;0
10833;0
15602;0
19257;0
1290;0
15731;1
3297;0
16958;0
1533;0
8391;0
14258;0
16342;0
4842;0
4446;0
6887;1
6525;0
455;0
8580;1
5167;1
2209;1
18940;1
17832;1
19427;1
5400;0
2282;0
13932;0
9962;0
7824;0
9584;0
2756;1
5042;1
7264;1
3826;0
3827;0
7041;0
11135;0
17812;0
15870;0
18493;0
9693;1
8684;0
8628;0
1510;0
815;0
13942;0
6302;0
6938;0
14872;0
12418;1
5356;1
8523;0
11519;0
5487;0
11762;0
15860;0
17975;0
14015;0
16676;0
6936;0
12176;1
8468;0
18989;0
10629;0
10052;0
368;0
16695;0
8069;0
13686;0
2775;0
13465;0
12938;1
9384;0
18938;0
17221;0
10054;0
681;0
15760;0
16980;1
5141;1
1351;0
15771;0
17572;1
319;1
3272;0
8706;0
17002;0
2560;0
16925;1
15909;0
3864;1
4286;0
1034;0
11557;1
9543;0
7976;0
18931;0
13682;1
5246;0
1808;1
16196;0
259;1
13864;0
217;0
17126;0
15799;0
9246;0
17773;0
8086;0
7222;1
189;0
8573;0
803;0
158;0
8737;0
216;0
10859;0
10066;0
8703;0
18874;1
18762;0
12060;1
11512;0
13217;1
13881;0
8472;1
4389;0
12576;0
4261;0
7812;1
13370;0
3673;0
14006;0
18320;0
14288;0
8650;0
11163;0
4433;0
11536;0
4137;0
11716;0
12786;0
4653;0
9651;0
6295;1
12142;0
15213;0
5882;0
5039;0
17329;0
7237;0
6481;0
13719;0
1160;0
13603;0
7352;0
7575;0
11490;0
4822;0
18975;0
19442;0
19164;0
8600;0
15510;0
9162;0
2524;0
15266;1
2656;0
6841;0
310;0
18797;0
2800;1
15472;1
18577;0
3588;0
15600;0
11651;1
12006;1
18146;0
5802;0
19960;0
12621;0
5902;0
10355;0
17670;1
3100;0
6476;0
8312;1
14192;0
12439;1
3739;1
17544;0
8633;0
13816;0
15408;0
1660;0
12236;0
8230;1
16162;0
1460;0
7993;0
13119;0
563;0
119;0
627;0
4680;1
11942;0
18263;0
17577;1
9473;1
11948;0
3921;0
4336;0
17379;0
13687;1
1416;0
3832;0
16712;0
10332;0
3745;0
1301;0
1577;0
17833;1
743;0
8692;0
7110;0
4993;0
8581;0
13994;0
10393;1
8105;0
4155;0
17169;0
4152;0
13445;0
10902;0
16615;0
13690;0
10750;0
10840;0
1219;0
11284;0
12051;0
8572;0
5686;1
4477;0
6852;0
8951;0
870;0
11509;1
2539;0
835;1
19143;0
19931;1
938;0
7615;0
15158;0
11150;0
18486;0
10187;1
6827;0
1067;1
18027;1
10022;0
4172;0
3291;0
8315;1
13131;0
16438;1
6447;0
18018;0
17939;1
2478;0
5476;0
14908;1
12934;0
5499;0
8000;0
17197;0
2317;0
4998;0
1335;1
12718;0
9906;0
18707;0
6151;0
5744;0
817;0
10878;0
8620;0
5958;1
5768;0
11250;0
1265;0
2157;0
4711;0
16721;0
12920;0
19174;0
14540;0
14814;0
18794;0
15376;0
8075;0
15152;1
1634;0
10145;0
3963;0
18991;1
7985;0
4963;0
18389;1
1341;0
8079;0
7210;0
13009;0
12061;1
16452;0
5173;0
6130;0
4208;0
11566;0
15872;0
2514;0
8836;0
16934;0
8219;0
2292;0
3639;1
8145;0
4243;0
7660;1
13467;0
18776;1
14302;0
17985;0
6785;1
11541;0
6699;0
17756;0
11532;0
10463;1
7765;1
1298;0
18305;1
19902;0
958;1
18159;0
18909;0
42;0
10870;1
14936;0
17021;0
2823;1
18648;0
321;0
2142;0
9270;1
13359;1
10566;0
16067;0
8025;0
11014;0
9601;0
1771;0
14784;0
5824;0
481;0
15056;0
11166;0
7762;0
14508;0
16436;0
19764;0
17514;1
14603;1
18433;0
18576;0
6383;0
10506;0
11030;0
2639;0
6034;0
7781;1
13368;0
7440;0
9050;0
13210;0
8678;0
9839;0
14803;0
3263;0
9180;0
15774;0
8221;0
12343;0
8297;0
8654;0
18241;0
399;0
18584;1
6913;0
15109;1
1167;0
12553;0
17489;0
16232;0
709;0
1096;0
17333;1
7334;0
17655;0
14613;1
10985;0
14735;0
1816;0
9624;0
15294;0
1610;0
11894;1
3875;1
13749;1
17829;0
13189;1
1035;0
2222;1
13029;0
9310;1
2727;1
5256;0
8305;0
10031;0
16631;0
19405;1
16840;0
11726;0
12577;0
6318;1
6231;0
6690;1
18515;0
13204;0
16121;0
7597;0
3616;0
11996;0
5284;1
18280;0
16768;1
12908;0
4273;0
16788;0
557;0
18134;0
15441;1
16464;0
10849;1
13081;0
19105;0
17302;0
10353;0
10908;0
16150;0
4104;0
2492;0
14002;0
17744;0
12537;0
17357;1
16248;0
4227;0
13936;1
13854;0
8994;1
3692;1
4831;0
5245;0
14747;0
7630;0
7809;0
4843;0
16879;0
12217;1
17188;0
8377;0
7327;0
1944;0
19141;0
11708;1
6846;0
16461;1
6401;0
7624;1
6134;0
18359;0
710;0
4231;0
7504;0
5111;0
13079;0
16992;1
8241;0
18698;0
7028;0
16568;1
7521;0
18692;1
10342;1
18203;0
2402;0
6966;0
2394;0
13096;0
2525;0
13663;0
9725;1
15313;0
19089;1
343;0
19759;0
6607;1
6178;0
16567;0
16957;0
2882;1
5875;0
9650;0
7256;0
5100;0
18953;1
18137;0
18198;1
12316;0
15674;0
13736;1
17015;0
8622;0
14583;0
686;0
3301;0
15379;0
8249;0
16087;0
1597;0
3019;0
14841;0
109;1
13741;0
11760;0
16943;0
6230;0
10678;0
1386;0
16689;0
11896;0
6906;1
7789;0
3633;0
19875;0
3403;0
9039;0
18578;0
13773;0
4596;0
8421;1
14602;0
14796;0
1148;0
9700;0
8651;0
3621;0
1759;1
4050;0
13626;1
11663;0
4748;0
16012;0
7145;1
13545;1
6273;1
7507;1
14450;0
19813;0
10290;0
6145;0
11387;0
18122;1
10930;0
7795;0
11615;0
13620;0
10013;0
711;0
13522;0
1012;0
15818;0
15981;0
8595;1
12914;0
7468;0
9258;1
11652;1
2753;0
17410;1
5556;1
9723;0
3218;1
6009;0
436;1
16690;1
3569;0
2154;1
2422;0
2051;1
11994;0
18737;0
12745;1
11370;0
7068;0
4991;0
17834;1
9301;0
4190;1
3672;0
10911;1
6394;1
6532;0
4413;1
3274;0
10820;0
2791;0
16537;0
4298;0
13546;0
547;1
1184;0
18351;1
10749;1
17663;0
3593;0
2898;0
16231;0
7854;0
3711;0
17163;0
7696;1
14860;0
16467;0
15295;1
6146;1
10128;0
14794;0
2568;0
17751;0
5739;0
12112;1
12178;0
8710;0
13714;0
12654;0
7646;1
17661;1
10381;0
19354;1
10944;1
1544;0
7031;0
17022;0
3358;0
13871;0
3645;0
4588;0
6959;0
1932;0
16105;0
10625;0
9877;0
12102;1
6171;0
18810;0
18554;0
2359;0
10306;0
11115;0
15795;0
12904;0
17764;0
3033;0
17556;0
2242;0
10138;1
18045;0
3941;0
12358;0
4031;0
396;0
14695;0
3283;0
7697;0
17445;0
7689;0
3056;0
15027;0
13251;0
1196;0
4036;0
15168;0
7027;0
4067;0
18746;1
8652;0
14159;0
15702;1
5579;1
15750;0
9278;0
5280;1
15613;0
3124;1
17957;0
1015;0
8261;0
6728;1
11435;0
10766;0
6087;0
5148;0
8908;0
9110;0
1888;1
17070;0
7493;0
1708;0
19794;0
4100;0
2673;0
4522;1
11688;0
12555;0
4735;0
12388;0
1311;0
8318;0
13303;0
429;0
16776;0
13501;0
14846;0
1491;0
3564;0
10582;0
9806;0
14282;1
18672;0
9866;0
5524;0
14359;1
122;0
15772;0
1056;0
5954;0
4088;0
3792;0
17485;0
9179;0
16787;0
18817;0
9079;0
16987;0
9602;1
8202;0
5995;0
17388;1
6298;0
3035;0
15088;0
11915;0
1772;0
13575;1
11554;0
3850;0
18210;0
10813;1
12209;0
10895;1
9546;1
5956;0
8323;1
273;0
17837;0
14211;0
6267;0
4895;0
7159;1
3503;1
12457;0
13997;0
5130;0
5089;0
18185;0
19441;0
5209;0
864;1
5984;0
7961;0
10033;0
18831;0
16734;0
1921;1
5048;0
19221;0
3610;0
9790;0
799;0
14556;1
12413;1
15834;0
13580;0
15587;1
13726;1
9922;0
11378;1
6566;0
90;0
11562;0
18673;0
15412;0
8532;0
13918;1
11436;0
12660;0
941;0
17338;0
7484;0
8754;0
6647;0
11242;1
10159;0
18872;0
16816;0
6512;0
13057;0
8988;0
8012;0
17181;0
3189;0
7980;0
18854;0
9760;1
676;0
11096;0
8384;0
17913;0
14918;0
5976;0
3251;0
6472;0
11761;0
4500;0
8415;0
17486;0
19371;0
13698;0
10651;0
1774;1
5150;1
18825;0
6759;0
3802;0
17819;0
2140;0
15935;0
10942;0
14323;0
17599;1
2703;0
15467;0
18313;0
6218;0
18306;1
8938;0
8930;1
9759;1
8034;1
16812;0
5772;0
18117;0
9332;1
10679;0
14236;0
7661;0
13233;0
9243;0
19181;0
7984;0
3081;1
18145;0
16093;0
15830;0
8326;0
15738;0
10935;0
10000;0
7267;0
8163;0
4695;1
1412;0
9451;0
6722;0
2786;0
10133;0
8437;0
8763;0
885;0
5545;1
17704;0
7691;1
199;0
14678;0
5838;0
8461;0
4708;0
7339;0
7671;1
18171;1
2275;1
5985;0
4889;0
379;1
11319;0
14379;0
14495;1
16995;0
18921;0
10349;0
15903;0
6474;0
11450;0
6992;1
5231;0
5090;0
3396;0
11643;0
1499;0
7236;0
1941;1
15622;0
2080;1
13861;0
11077;0
14019;0
6663;0
10624;1
14925;1
8551;0
15392;0
18455;1
4156;0
16638;1
10358;1
9741;0
4790;0
14586;0
9646;0
7863;0
17523;0
10047;0
15505;0
4838;1
11331;0
5339;1
11089;0
14626;1
1807;0
1945;0
7374;0
6353;0
11121;1
19737;0
17954;0
23;0
9616;0
7135;0
7847;0
16590;1
7912;0
7501;1
13051;0
728;0
10528;0
15683;0
4287;0
6197;1
14941;0
11607;0
3306;1
18126;1
2494;0
4934;0
971;0
7457;0
5933;0
2610;0
18123;1
3204;0
1029;0
16160;0
19400;0
6335;1
11824;1
7040;0
8245;0
14414;1
17206;0
6507;0
15124;0
10082;0
8440;1
2912;0
2028;0
5440;0
18967;0
16172;0
7687;1
15192;0
232;0
10889;0
11054;1
15148;1
125;0
6110;0
11675;0
18103;1
18078;0
4959;0
7473;0
3444;0
11639;0
361;0
1289;0
2111;0
6583;0
9671;1
8529;1
6365;0
13623;0
17590;0
608;0
12731;0
11174;0
6347;0
18620;0
2638;0
2859;0
9178;0
18681;0
15260;1
2274;0
3894;0
7958;0
4423;0
8199;0
9833;0
6671;0
2479;0
16017;1
6816;0
16685;0
4276;0
8302;1
13866;0
2276;0
2398;0
16786;1
17999;0
18005;0
4120;0
4610;0
15718;0
9680;0
16940;1
8475;0
11488;0
9921;0
4611;0
15072;0
11228;0
3346;0
2657;0
5765;0
18860;1
3292;0
11993;0
3995;0
8840;0
10789;0
11712;0
11369;0
9161;1
15949;1
18141;0
13738;1
2164;1
6371;0
2234;0
3227;1
1441;1
8045;0
410;0
8186;1
360;0
15390;1
18032;1
3298;0
16672;0
15854;1
13759;0
19334;0
1870;0
14487;1
8874;1
500;0
18880;0
17732;1
13098;0
2561;0
18084;1
18795;1
397;0
18220;1
5659;0
12681;0
10141;0
12300;1
13616;0
14861;1
7620;0
12907;0
18818;0
6188;1
12586;0
10818;1
3094;0
5533;1
16930;0
14396;0
4720;0
11949;0
19774;0
2946;0
6803;0
13265;0
2891;0
5199;0
10449;0
9974;0
18850;0
17018;0
16556;0
11339;0
14521;0
5309;1
8675;0
18;1
8852;1
9783;0
10107;1
4135;0
10739;0
14023;0
18525;0
14167;0
11254;0
10188;1
17268;0
13872;1
13515;0
19244;0
6055;0
18472;1
12575;0
748;1
17585;1
6375;0
12734;1
9445;0
1686;0
13095;0
1763;0
1438;0
13005;0
12704;1
6042;1
5147;1
18919;0
9149;0
8592;0
9777;1
1450;0
6727;1
3463;1
19101;0
3262;1
9502;0
7455;0
7438;0
10028;0
11221;0
4974;0
18891;0
1639;0
17614;1
18591;0
10955;0
15283;0
4559;0
15544;0
15840;1
16404;0
2954;1
5657;1
9114;0
3249;0
10058;0
8008;0
15920;1
4191;0
4534;0
8253;0
3325;0
19690;1
15862;0
17267;1
14806;0
14017;0
17050;0
15287;1
1141;1
2042;0
15036;0
7305;1
15806;1
17772;0
10429;0
7192;1
839;1
3719;0
15025;0
2516;0
13426;0
4051;0
15752;0
536;0
4549;0
12174;0
1611;1
17543;1
7868;0
1310;1
14620;0
5801;0
4331;0
10851;0
16707;0
945;0
17745;0
7414;1
6264;0
7559;0
4556;0
7821;0
11364;1
11810;0
4857;0
10677;0
2304;0
1545;0
1942;1
8786;0
13748;0
9628;0
12714;1
14736;0
3752;0
14909;0
570;0
4480;0
3361;0
16714;0
495;0
2595;0
16880;1
17685;1
1902;0
18207;0
19033;1
5341;0
2611;1
15644;0
16994;1
18230;0
16351;0
7785;1
11279;1
5667;0
11431;0
15176;0
5081;0
10403;0
15457;0
10976;0
17765;1
17067;0
9143;0
19557;0
2536;0
10369;0
13092;0
11248;0
17530;0
17932;1
10156;0
3922;0
9441;0
18499;0
2004;0
13766;1
17998;0
14500;0
18019;0
1422;1
7395;0
13960;0
6895;0
9505;1
8932;1
15051;0
17374;0
8195;0
5964;1
14550;1
6359;0
13302;0
15605;0
3717;0
16407;0
19028;1
10254;0
7522;0
8329;0
14673;0
10003;0
3888;0
840;0
9784;0
79;1
9882;0
7908;1
19320;0
4129;0
6256;0
10649;0
5072;0
4973;1
7950;0
12848;0
11168;1
16449;1
11018;0
6334;1
7973;0
8355;0
3686;1
2701;0
6872;0
6222;0
16871;0
17849;0
16283;0
6729;0
5554;0
19122;0
3356;0
16010;0
16512;0
8716;0
6317;0
13938;0
3687;0
5577;0
3206;1
1509;0
8013;0
951;1
8237;0
4012;0
18046;0
8101;0
18586;1
2744;0
966;0
6875;0
15827;0
19909;1
19795;0
9604;0
1891;0
9704;0
8842;0
5923;0
16135;1
15905;0
18274;0
13519;0
18513;0
7181;0
14791;0
11313;1
8559;0
13758;0
1994;0
12723;0
17800;0
12815;1
12242;0
14728;0
1329;0
1296;0
270;0
10821;0
1700;0
16828;0
349;0
11685;0
2732;0
9722;0
8506;1
9949;0
14428;0
8271;0
3029;1
9130;0
12003;1
15754;0
15722;1
9781;0
8542;0
12262;0
11341;0
862;0
15986;1
8507;1
12601;1
15094;1
18284;0
15417;0
13789;0
13498;0
3096;1
15289;0
16951;1
14851;0
17274;0
9094;1
17753;1
6715;0
14727;0
7753;0
9370;0
8204;1
11143;0
18588;0
5715;0
16694;0
7012;0
14062;0
19903;0
13723;1
16249;0
6971;0
3923;0
19628;1
19426;0
12568;0
5934;0
3474;1
9805;0
19057;0
7599;0
9996;0
11321;0
4087;0
8682;0
14614;0
9328;0
19305;0
12599;1
6223;0
12414;0
18095;0
1614;1
13883;0
4538;0
3271;0
8211;1
4001;0
5872;0
2286;1
19869;0
18272;0
8921;0
15560;0
7566;0
7394;0
14162;1
14065;0
6453;0
605;0
17571;0
1584;0
8005;0
4341;0
3665;0
17587;1
357;0
16390;0
461;0
9220;0
13457;1
4989;1
14342;0
8177;0
302;0
13489;0
9400;0
19939;0
7091;1
13656;1
17750;0
9269;1
289;1
9738;0
3161;0
12384;0
1802;1
10577;0
2951;1
13184;0
9382;0
4041;0
7512;0
16498;0
10231;1
11603;0
6627;0
9786;1
10655;0
6702;0
15747;0
19300;0
3770;0
16829;1
1130;0
12486;0
7445;0
1590;0
4587;0
17170;0
1682;0
15046;1
16148;0
19040;1
17350;0
17345;1
11814;1
9726;1
1224;0
7741;0
16518;0
17250;0
14510;0
439;0
18364;0
14449;0
7936;0
853;0
17107;1
19271;0
17630;1
18567;0
19950;0
14744;0
1047;0
12720;0
16859;1
1119;0
17291;1
17557;1
5906;0
15336;0
18262;1
513;0
16547;1
16336;0
4486;0
17478;0
8527;1
2504;1
18545;1
16339;0
5206;0
8855;0
8214;0
18292;0
8244;1
16242;1
19786;0
13176;0
18479;0
6589;0
16430;0
10151;0
7764;1
19318;0
4985;0
10698;0
6332;0
10954;0
12999;0
15897;1
795;0
11327;0
8092;0
5363;0
19418;0
6444;0
9563;0
15713;0
15435;0
16781;0
1737;0
7408;0
7690;0
7298;0
9732;0
12148;0
8488;0
18660;0
12062;0
15438;0
16066;0
5018;0
4977;0
18480;1
6393;0
7964;0
14134;0
819;0
9998;1
3652;1
15018;0
19484;0
7169;0
4175;0
4362;0
16699;0
5602;0
9556;0
3974;1
18221;0
11235;0
18580;0
1078;1
18098;0
10579;0
8246;0
7443;0
10097;0
8885;0
15231;1
17028;0
1641;1
17672;1
9381;0
5557;1
14497;0
1908;0
6950;0
18614;0
7225;0
6651;0
16898;0
2062;0
15191;0
6737;0
3893;0
10027;1
12800;0
10053;0
15906;0
5817;0
4335;0
5026;0
10094;0
2243;0
17861;0
9802;0
6439;1
3069;1
11674;0
16009;0
18258;0
8295;0
1810;0
9579;0
1354;0
5782;0
16624;1
5047;0
1904;1
10293;0
3811;1
16789;1
4817;0
1139;0
19885;1
9100;0
8364;1
15221;0
9119;0
15492;0
8019;0
17016;1
3053;0
5818;0
6567;1
8883;0
6536;0
14878;1
16751;0
2206;0
7295;0
9375;1
6345;0
9255;0
6456;0
18411;1
2443;0
2600;0
19659;0
10777;0
11888;0
5065;0
16926;0
14009;0
889;0
19474;0
10059;0
10326;0
10760;0
8725;0
2046;0
18663;1
4149;0
17537;0
19724;0
3838;0
5527;0
14552;0
3113;0
4697;0
12196;1
8174;0
17808;0
6714;0
8884;0
6547;1
8370;1
19035;1
276;0
17675;1
17414;0
13926;0
14699;0
19025;0
15625;0
324;0
6486;0
3303;0
1664;0
19322;0
4491;0
6430;1
8733;0
9818;0
17919;0
14139;0
6503;0
17742;0
4002;0
13383;0
265;0
6126;0
356;0
12995;0
4400;0
5903;1
3979;0
7058;0
17734;0
4519;0
12238;1
9972;0
12872;0
7096;1
19340;0
8887;0
2296;0
4751;0
18552;0
3316;0
4355;1
9430;0
1021;1
10356;0
9109;0
10009;1
4210;0
12818;0
10001;0
6884;0
19991;0
1008;0
5340;0
19278;0
9683;0
4813;0
17912;0
9876;0
17372;0
11614;0
6083;1
18662;0
969;1
6460;1
4699;0
16330;0
9959;1
3762;0
15406;0
18615;0
17317;0
18070;0
6328;0
6688;0
7239;0
6957;1
38;0
12569;0
11255;0
19007;1
8414;0
5436;0
8093;0
16175;1
17148;0
16955;0
14066;1
11295;0
8129;0
9090;0
12641;0
17382;0
16752;0
1527;0
10375;0
8401;1
1072;0
6165;0
2377;0
18998;0
11249;0
1529;0
6050;0
17788;0
8926;1
9787;1
3721;0
8661;0
13902;1
12134;0
134;0
10073;0
11932;0
13443;0
902;0
7365;0
17616;0
417;0
8465;0
14007;0
8373;0
3971;0
14748;0
8911;1
1632;0
13427;0
17280;0
14213;0
5316;0
17298;0
8307;0
2609;0
5417;0
4661;0
16739;0
4103;0
8674;0
10523;0
5763;0
7900;0
2570;0
15745;0
8413;0
2418;0
13149;0
4485;1
6579;0
2362;0
16821;0
17155;0
7837;0
18634;0
9359;0
18432;0
9691;1
13394;0
16275;0
10111;0
17889;1
3360;0
5265;1
9274;0
17083;1
15198;1
215;0
1622;1
19247;0
4353;0
13899;0
16291;0
13916;1
14754;0
9096;0
12906;0
13873;1
16899;0
3839;0
1928;0
1318;1
1929;0
12152;0
1339;0
8835;1
13963;0
5504;1
2363;0
5030;0
9675;0
5495;0
2411;1
11269;0
16502;0
8985;0
17535;0
19308;0
12237;0
9076;0
11478;0
4366;1
18676;0
10055;0
8456;0
7398;0
15393;0
17589;0
15877;0
11980;0
1946;1
7191;1
11794;0
2014;1
8624;0
12710;0
17509;0
5915;1
8548;1
11768;0
14531;1
2366;1
7968;0
13801;0
9575;0
6316;0
16165;1
11550;1
10603;0
4010;0
16790;0
12197;0
9780;0
12053;1
14859;0
6575;0
9145;0
7581;1
8380;1
18995;0
5963;0
14173;0
17031;0
12362;0
16546;0
2990;0
7190;0
8263;0
171;0
14856;0
1245;0
2709;0
11476;0
15370;0
797;1
10125;0
9409;0
12015;0
14073;0
18708;1
9861;0
6277;0
12155;1
6376;0
7782;0
18601;0
17176;0
9531;0
2205;0
4235;0
18356;0
3600;0
18884;0
4079;0
16170;1
19452;1
7751;0
11191;0
6155;0
7759;0
14108;0
13681;1
3230;0
1374;0
12659;0
8900;0
1633;0
4013;0
5841;0
12844;0
4849;0
10640;0
2124;0
6509;0
13781;0
8634;0
19191;0
30;0
5354;0
15288;1
15632;0
1701;0
5935;0
822;0
6916;0
6255;0
15536;0
9881;0
17783;0
6711;0
17373;0
13755;0
4800;0
16260;1
13338;0
3812;1
9265;1
16204;1
4772;1
5538;0
5368;0
11622;1
8851;1
11184;0
16658;0
19989;1
4581;0
18054;0
1494;0
15054;0
9405;0
15970;0
20;0
6904;0
18902;0
8604;0
9468;1
15004;1
14983;0
6637;0
17611;0
17677;1
3772;0
8541;0
19414;1
9678;1
17627;0
16223;0
19151;1
9209;0
19245;0
3932;0
8091;0
11547;0
10085;0
13080;0
7272;0
11513;1
959;0
6214;0
7245;0
10975;0
18435;1
3798;1
18180;0
15445;0
4752;0
19553;0
11340;1
8844;0
15942;0
14346;0
7604;0
6781;1
4926;0
7735;1
485;0
10464;0
15908;0
1088;0
2797;0
4399;0
11679;0
6166;1
12850;1
16174;1
4334;0
8381;0
7850;0
9807;0
17981;0
3680;0
352;0
5729;0
8331;0
12526;0
10951;0
11165;0
4746;0
4599;0
8641;0
4825;0
12678;1
403;0
4851;1
7059;1
5060;0
12622;0
17058;0
4158;0
4313;0
907;0
3076;0
14300;0
943;0
8385;0
15042;0
2783;0
17887;0
13435;0
11214;0
9840;0
9607;1
19689;0
13695;0
19519;0
4299;0
12086;0
17086;0
5242;0
10719;0
18388;1
4756;0
19888;0
18528;0
7195;0
6963;0
4340;0
19900;0
16601;0
10842;1
8300;0
206;1
19853;0
2181;0
12059;1
18819;0
14557;0
13103;0
14774;0
15086;0
4513;1
5668;0
18219;0
10663;0
15453;1
7680;0
11155;0
13597;1
14960;0
4312;0
18104;0
6280;0
18383;0
5423;0
7913;0
2718;0
2279;0
13589;0
11093;1
9665;1
588;1
15698;0
15716;0
15869;0
14907;0
11918;0
3320;1
551;1
10120;0
17311;0
6406;0
4564;0
7531;0
5129;0
19461;0
16851;0
19552;0
3847;1
11850;0
6800;1
2749;0
16241;1
17925;0
17271;0
7831;1
4803;0
17838;0
5937;0
4821;1
4834;0
1989;0
12121;0
12454;0
5275;0
821;1
5987;0
16571;1
3010;1
15786;0
10176;0
15322;0
7648;0
15278;0
10011;0
15483;0
10419;0
12579;0
17871;1
17898;0
16090;1
13599;1
243;0
13739;0
8061;0
5189;0
7992;1
3543;0
4742;1
16538;0
11308;0
5276;0
8162;0
16967;1
10768;0
9870;0
17330;1
10229;0
10341;1
12751;0
5727;0
968;1
5069;0
14072;0
12345;0
16653;0
9063;1
16918;0
10266;0
8834;1
3485;0
12940;0
5514;1
4151;0
10918;0
15954;0
13083;0
18085;1
14816;0
18026;1
10062;0
14661;0
9297;0
19773;0
1668;1
10900;1
15428;1
7623;1
174;0
6832;0
5900;0
14297;0
16058;0
7573;0
11219;0
18514;0
13151;1
15726;0
13659;0
4918;0
6266;1
7294;1
4071;1
60;0
9851;1
9936;0
12107;1
13757;1
13822;1
9152;1
12437;0
10588;1
17917;1
12549;0
1206;1
15311;0
8009;0
16726;1
7774;0
14194;0
3883;1
13023;0
11332;0
8515;0
322;0
7279;0
11744;1
13268;1
19781;0
10862;0
10903;0
7909;1
16057;0
6944;0
9984;1
10988;1
6270;0
5318;0
10607;0
3162;0
19154;0
8205;0
1189;1
12048;1
17826;0
5949;0
9656;0
5447;1
226;1
5422;0
13422;1
773;0
7586;0
4533;1
949;0
14950;1
18804;0
14344;1
17079;0
18147;0
4579;1
15800;0
11524;0
11983;0
15842;0
2301;0
7625;1
997;1
17674;1
11132;0
7927;1
11404;0
104;0
18530;1
3857;0
16933;0
4778;0
13986;0
17377;1
8180;0
13705;0
16269;0
295;0
16540;0
19584;0
4941;0
239;0
9185;0
13596;0
7844;0
10823;0
17603;1
4435;1
15173;0
805;0
13614;0
14817;0
6857;0
19020;1
16727;1
950;1
16254;0
5970;1
4148;1
15626;1
7907;0
10874;0
15847;0
16697;0
18990;0
6833;0
5434;0
15082;0
2136;1
14321;1
8715;0
2993;0
11336;0
15044;0
15268;0
13920;0
2083;0
3902;0
3293;0
18517;1
6705;0
19493;1
16019;0
17043;0
4380;0
4058;0
7074;0
412;0
17778;1
15422;0
12843;0
2163;1
6185;1
6339;0
5227;0
9287;0
17013;0
12188;1
17594;0
15355;0
5410;0
8814;0
14348;1
9553;1
8928;1
13791;0
5648;0
9169;0
3080;0
15446;1
7103;0
186;0
17555;0
10164;0
19807;0
14176;0
7097;1
10992;1
8673;0
2224;0
8288;0
6286;0
15715;0
16525;1
8747;1
4945;1
18268;0
18166;0
11169;0
5559;0
16423;0
18107;1
3285;0
9153;0
14255;0
501;0
2309;0
17560;0
7891;0
18192;1
19042;1
6558;0
14177;0
18943;1
2603;1
9349;0
2815;0
4504;1
1226;1
18904;0
9970;0
8441;1
16543;0
9007;0
10025;1
2687;0
13785;0
10191;0
986;0
4215;0
16798;0
2804;0
7729;0
415;0
9481;0
6425;0
11483;0
7535;1
4181;0
4483;0
9085;0
6995;0
16002;0
95;0
9920;0
5407;0
7727;0
5414;0
18460;0
6721;0
12608;0
2343;1
13499;0
17667;0
9924;0
5485;0
14824;1
5268;0
17576;0
11900;0
15185;0
6535;0
6099;0
11245;0
12425;1
1940;1
254;0
14933;0
8482;1
8041;0
18635;0
13783;0
3208;0
8194;0
10274;0
18897;1
13561;0
10704;1
9867;0
18441;0
12447;1
249;0
18726;0
11073;0
14943;0
10216;0
10236;0
9548;0
16532;0
16741;1
5257;0
10137;0
17139;1
9267;0
14700;1
6910;0
12397;1
5455;0
8645;1
10010;1
14409;1
12184;0
15630;0
4260;0
7029;0
12563;0
3004;0
7472;0
9303;0
8576;1
11429;1
9257;1
8357;0
229;0
17472;1
10441;0
6282;0
13219;0
11680;0
12650;1
946;0
14397;0
19136;0
11836;0
13595;0
4674;1
8184;0
18570;0
18401;0
4810;0
10922;0
2902;0
19240;0
200;0
5492;1
11299;0
18896;1
10693;0
8273;0
14948;0
3958;0
19074;1
7444;0
7757;1
1321;0
465;0
13581;0
14251;1
14008;0
15839;0
3695;0
9426;0
2817;0
446;0
12126;1
3456;0
9842;1
7221;1
7614;0
17406;1
4863;0
18075;0
12702;0
9679;0
482;0
18964;0
2844;0
11329;0
18936;1
3121;0
12771;0
6037;0
17073;0
16969;0
14739;1
508;1
8912;0
10800;0
17069;0
4183;1
17804;0
11713;0
14463;0
13922;0
8156;0
595;1
17294;0
7137;0
9792;0
9709;0
18312;0
6349;0
1855;0
10891;0
10174;0
8860;1
5419;0
8128;0
19085;0
16448;0
5131;1
15727;0
13685;0
11747;0
11772;0
15208;1
7052;0
3006;1
12506;0
242;1
3092;0
435;0
3114;1
18805;0
7865;0
10982;0
8017;0
754;1
3634;1
9142;1
16247;0
6967;0
16701;0
5632;0
12430;0
7641;0
19951;0
6997;0
10753;0
3502;0
16858;0
16392;1
5438;0
19213;0
12931;0
16366;0
17634;1
16237;0
3787;0
6452;1
4429;0
13948;0
7456;0
5305;1
15491;0
6799;1
5121;1
204;0
483;0
15599;0
1571;0
17319;0
10447;0
3571;0
15635;0
10827;0
1281;0
8429;0
9170;0
7590;0
9878;1
13306;0
4781;0
2612;1
13410;0
6896;0
17175;1
12937;1
16691;1
14266;0
2151;0
8807;0
15793;0
13104;0
12282;0
8039;0
14380;0
2721;0
2272;0
18722;1
15320;1
14238;1
8390;0
11136;0
8913;0
17710;0
12527;0
18211;0
7343;0
10931;0
4688;0
7359;0
11007;0
11110;1
14742;0
19208;0
6783;0
16036;1
15777;1
8567;1
6606;0
4157;0
7250;0
9366;0
5888;0
9520;1
1530;0
6581;0
19558;0
1052;0
4949;1
9592;0
12118;0
4028;1
2415;0
8557;1
4572;0
10946;0
2128;0
5278;0
6382;1
17928;0
9948;0
2390;0
2123;0
6067;0
14660;1
6698;0
11869;0
15667;0
18076;0
10615;1
15212;1
9049;0
4236;0
5781;1
8862;0
17920;0
18318;1
9647;0
14558;0
11158;0
1912;0
13969;1
3294;1
11776;0
18394;0
5486;0
14131;0
19804;0
6116;0
1528;1
11742;0
16136;0
4106;1
6276;0
10029;0
17563;0
4626;0
6224;1
14651;0
17039;1
14669;0
4110;0
3584;0
3335;0
3718;1
10788;0
16648;1
8537;1
5974;0
6961;0
3123;0
11029;0
19805;0
294;0
9434;0
9574;0
13524;0
12004;0
11172;0
18579;0
15835;0
19458;0
677;0
10379;0
11314;1
18217;0
6701;1
14832;1
15437;1
562;0
4218;0
5521;0
3282;0
15763;0
19769;0
1546;0
5188;0
7249;0
4373;0
15540;1
11287;0
15787;0
11787;0
14081;0
10474;0
377;1
8593;0
9510;1
2769;0
76;1
6080;1
18787;0
293;0
9104;0
4953;0
16808;0
3907;1
2861;0
12456;0
15932;1
8761;1
3936;1
1257;0
10769;1
2802;1
14636;0
15120;1
7376;0
13461;0
451;0
7216;0
5950;0
4099;1
5372;1
15956;0
19873;0
5080;0
18397;1
14144;0
7196;0
10237;1
11350;0
6309;0
17218;0
3689;0
18052;0
10217;0
7066;0
2999;0
16358;0
16633;0
15714;0
8663;0
8561;0
3254;0
16516;0
4487;0
13276;0
674;0
12996;0
16018;0
602;0
13221;0
1159;1
673;0
9859;1
3785;0
13691;0
6275;0
4956;0
13201;0
10426;0
10012;0
14429;0
272;0
1218;0
16146;1
3334;0
16917;1
17368;0
5099;0
11658;1
13088;1
4182;0
7739;0
2086;0
9637;1
8269;0
393;1
16183;0
4496;0
10730;0
5248;1
1001;0
10515;0
5477;0
19444;0
3494;0
12183;0
3488;0
11809;0
9720;1
14992;0
3508;0
11669;0
13964;0
9108;0
19313;0
14546;0
10667;0
13582;0
10246;0
617;0
8087;0
4737;1
18242;0
8987;0
6920;0
8226;0
15961;1
13799;0
1147;0
4573;0
8182;1
5468;1
5833;0
18319;0
19958;0
11048;0
7589;0
18175;0
15066;0
15460;0
8782;0
575;0
18789;0
18412;1
2550;0
10251;0
3281;0
2285;0
2795;1
2963;1
13287;0
13934;0
18715;0
15444;0
3367;0
3332;0
15753;0
2150;0
2998;1
13087;0
2255;0
17946;0
10949;0
18457;0
11275;0
2412;0
8636;0
1174;0
18750;0
3906;1
6905;0
14142;0
11625;0
16229;1
5945;0
10260;0
10092;0
1635;1
11181;1
3950;0
8665;0
4289;0
19015;0
16415;0
16730;1
16511;0
10584;1
1725;1
14440;0
8054;0
16203;0
17193;0
15676;0
1869;0
4096;0
10580;0
800;0
1854;0
2577;0
5536;0
16179;0
4085;0
7266;0
15988;0
1470;0
7290;0
16094;1
18007;0
6669;1
8474;0
9940;0
13823;0
3554;0
2029;0
7556;0
9737;0
1522;0
6177;0
17995;0
3295;0
4467;0
3359;1
6063;0
5614;1
17233;0
2556;0
15269;1
4679;0
17930;0
10256;0
8784;1
13696;0
5868;0
250;0
7189;0
8776;0
19111;1
12625;0
442;0
3748;0
4520;0
13558;0
19942;1
6003;1
2311;0
8411;0
4988;0
7783;0
19927;0
18140;0
13361;1
15114;0
10313;0
9453;0
1681;0
10636;0
14901;0
4197;0
19704;0
14945;0
1385;1
11484;0
5015;1
8299;0
5164;0
16176;1
12045;0
2459;1
14776;0
19124;0
18060;1
14946;0
19356;0
17453;0
9844;1
1239;0
6529;0
12968;0
17085;0
2747;1
2913;0
19176;1
10185;0
16510;0
4521;0
809;0
1439;0
7399;0
15468;0
1950;0
2876;0
14183;0
3491;1
1477;0
18494;0
2421;1
17642;1
965;1
3339;0
1881;0
8974;0
19355;1
7924;1
13235;1
8902;0
2488;0
2750;0
132;0
10396;0
15998;0
9622;0
17216;0
756;0
18365;0
6111;0
8062;0
13917;1
18484;0
3490;1
11523;1
18633;0
11613;0
11003;1
16264;0
14499;0
5011;1
9003;0
15703;0
922;0
19023;0
1171;0
14734;1
3481;0
1195;0
387;0
4815;0
2389;0
3031;0
9545;1
5127;1
7651;1
8579;0
17787;0
12712;0
12982;1
12733;0
6577;0
2562;0
9603;0
9084;0
10245;0
12953;0
6216;0
912;0
10299;0
4855;0
17923;1
10212;1
11673;0
6432;0
953;0
1423;0
6812;0
11160;1
1933;0
4073;0
7515;0
7318;0
15892;0
8805;0
4557;0
1075;0
3345;1
5061;0
19166;1
10015;0
15794;0
5323;0
13192;0
8848;0
11920;0
9193;1
2112;0
15518;0
7790;0
10202;1
14467;1
6489;0
15245;0
3111;1
10402;1
10752;0
14205;1
16484;1
13956;1
8517;1
1715;0
8322;0
1242;0
8893;0
5103;0
19005;0
14253;0
274;0
6634;0
19368;1
18958;0
14732;1
7525;0
6482;0
19351;0
9347;0
16070;0
4193;0
10977;0
17988;0
1728;1
10037;1
6325;0
10273;0
3493;0
2238;0
4676;0
5726;0
13578;0
19381;1
4829;0
15985;0
1493;0
5303;0
861;1
14904;0
18821;0
4242;1
12351;0
12122;0
6859;0
17776;0
7310;0
14595;0
618;0
15661;0
6143;0
374;0
6602;0
19311;1
2723;0
18716;0
5600;0
8677;0
17502;0
7859;1
6665;0
4275;1
6304;0
5180;0
15011;0
19620;0
6578;1
8426;0
8914;0
19429;0
18968;0
17880;1
17419;0
12453;0
8193;1
16560;0
496;1
16602;1
2489;1
16791;0
11372;0
4518;1
6796;0
8667;0
15251;0
7775;0
12810;0
19524;0
12037;0
8775;0
10783;0
5814;0
7761;1
24;1
7422;0
9795;0
3912;0
8544;1
13611;0
7497;0
8871;0
4300;0
3527;1
12589;0
7407;0
3243;0
4982;0
5927;1
4488;0
4122;0
18191;0
5925;0
11277;0
17003;1
5525;0
16393;0
1205;0
8859;1
7576;1
10779;0
3300;0
16678;0
13979;1
16499;0
807;1
5076;0
15103;0
8394;0
1400;0
14465;0
14484;1
5168;0
2346;1
9776;1
13993;0
17682;0
6612;0
2500;0
17733;1
14252;0
12445;0
601;0
9918;0
5317;1
4805;0
17263;0
10286;1
150;0
9424;1
16169;0
7945;0
4252;1
10228;0
17409;0
7466;0
6723;1
5575;0
18612;0
1863;0
14886;1
11628;0
13977;0
4297;0
7784;1
5439;0
6598;0
3528;0
17429;0
15345;0
18829;1
18770;1
10123;0
5863;0
9988;0
5170;0
14326;1
18385;0
6479;0
15603;0
18759;0
18546;1
12580;0
11156;0
4882;0
11755;0
13764;0
7745;0
15050;0
2552;0
19901;0
4809;1
4160;0
14560;0
14512;1
9439;1
10503;0
8158;1
8217;0
11439;1
1492;1
12721;0
11420;1
7814;0
9420;0
14749;0
18607;0
17798;0
12846;1
16132;1
12515;1
1619;0
11698;0
15032;1
3513;0
12313;0
6686;0
19052;0
16941;0
1898;0
13401;1
3897;1
10235;0
14849;1
5154;0
10377;0
10551;0
17797;0
6922;0
6657;0
7541;1
1556;1
2650;0
1892;0
2065;0
8434;1
793;0
4913;0
3986;1
12583;1
6440;0
8609;0
3234;0
6565;0
1550;0
2559;0
8057;1
4027;0
3957;0
6380;0
16479;0
14708;0
15263;1
15356;0
11995;1
11210;0
8160;0
19449;0
1253;0
17239;1
16800;0
1186;0
11715;1
12544;0
14594;0
404;1
13072;0
12496;0
12166;0
18081;1
9613;1
1615;0
1357;0
13390;0
63;1
6238;0
10343;0
1237;0
17914;1
11933;0
18451;0
13541;0
10180;0
16478;0
9208;0
4537;0
11598;0
19859;1
1609;0
11188;0
2185;0
1875;0
5472;0
510;0
18674;0
5162;0
4906;0
11084;1
1143;0
17358;0
18744;0
5512;0
9254;0
16842;1
3868;1
12992;0
9568;0
9284;0
939;0
17293;0
14884;1
8215;0
1469;0
9262;0
11686;0
9828;0
860;0
14157;1
10991;1
6495;0
7174;0
11831;0
17624;1
10695;0
535;0
3449;0
10112;0
14738;0
6660;0
19814;1
11839;1
6542;0
6755;0
33;0
17198;0
283;0
3558;0
1126;0
13010;0
19932;0
14011;0
11518;0
15579;1
6654;1
1233;1
10819;0
18613;1
12360;0
17915;1
7816;0
4601;1
18851;0
14123;0
2060;0
6996;1
11748;0
9582;0
2191;0
17983;0
18655;0
6428;0
12522;0
17457;0
6807;0
9372;0
8729;0
15649;0
17935;0
5823;0
6493;0
18151;0
3795;0
19095;1
5771;0
14940;0
10952;0
2284;0
7001;1
434;1
6960;0
1046;0
4342;0
16722;0
5425;0
10134;0
942;0
14854;0
16983;0
7885;0
2059;0
18711;1
8235;0
1927;0
3653;0
914;0
1453;1
4608;0
2779;0
7008;0
11102;0
19081;1
35;0
11535;0
3317;0
13101;0
1589;0
14041;1
13694;1
15477;0
17292;0
5702;0
6586;0
3918;0
12136;0
16677;1
15697;0
15689;0
11052;0
8671;0
16869;1
11317;0
14327;0
12590;0
530;0
2540;0
4595;0
2370;0
18871;0
14850;0
4383;0
18125;0
2793;0
4951;0
14411;0
2825;1
1572;0
50;0
7121;1
3264;0
17774;0
15316;0
903;0
837;0
14195;0
13399;0
11897;0
10814;0
14930;0
5126;0
19423;1
9544;1
11234;0
10283;0
770;0
5433;1
5899;0
16669;0
4306;0
18357;0
19899;0
9595;1
14593;0
16988;0
15631;0
10536;0
6585;0
4440;0
11059;0
9160;0
8759;0
14298;1
13802;1
9716;0
12034;0
10309;1
14587;0
4833;1
19882;0
18602;0
14989;0
15581;0
5028;0
11391;0
19339;0
14110;0
3284;0
16805;1
4417;0
18675;0
6745;1
2008;0
680;0
2877;0
12285;0
15596;0
16970;0
5764;0
15388;0
17226;0
12143;0
19070;0
14975;1
12675;1
14338;0
18311;1
5247;0
5965;0
19462;0
17162;0
7839;0
3688;0
12409;1
19126;0
5428;0
2916;0
18215;0
8539;1
14704;0
12017;0
6530;0
1830;0
14959;1
13649;0
19316;0
1048;0
14676;0
11400;1
7341;0
15097;1
9403;1
4566;0
14745;0
3407;1
1899;0
3741;0
6090;1
378;1
11534;0
1114;0
17740;0
4740;1
16703;0
9915;0
3669;0
10532;1
15637;0
2630;0
19006;1
18700;0
3574;1
17761;0
6013;0
647;1
4290;1
16348;0
17094;0
11789;0
3515;0
18574;0
5404;0
5917;0
16939;0
10067;0
4784;0
5464;0
3947;1
11927;1
18037;0
16228;1
19341;0
8601;0
8024;0
672;1
1877;0
14982;0
5742;0
19812;0
10308;0
16470;0
17240;1
765;0
4764;0
11605;0
6470;0
7853;0
6058;1
7342;0
3743;0
4238;0
15500;0
6410;0
8260;1
14319;0
16846;0
8916;0
14151;0
11452;1
8033;0
6668;0
1676;0
10432;0
8278;0
11634;0
12513;0
1122;0
17931;0
17977;0
7312;0
5494;1
11569;0
14060;0
12838;0
1458;0
16246;0
11719;0
5012;0
7664;1
2820;1
7663;0
10552;0
5605;0
4731;0
7587;0
13893;1
11581;0
12546;0
18035;1
4407;0
4285;0
12806;1
18186;0
2774;0
2016;0
8497;1
6592;0
288;0
8849;0
9311;0
11375;0
3175;0
14596;0
1901;0
16997;1
16796;1
15259;0
5029;1
9296;1
18667;0
13889;0
16966;1
10617;0
17566;1
8126;0
17278;0
17984;0
11173;0
14793;0
14316;0
15721;0
10742;1
5077;0
9522;1
16766;1
16513;0
13787;0
4891;1
19254;0
8837;1
3946;0
8618;0
11963;1
4713;0
7252;1
10204;0
17693;0
15660;1
17194;0
10825;0
15652;1
11909;0
18015;0
9479;0
9266;0
17248;0
15756;1
8505;1
11036;0
4990;0
4673;1
2256;0
16990;0
16011;0
3477;0
16763;0
1627;0
17272;0
13369;1
11433;0
15887;0
6670;0
19966;0
10241;0
14488;0
13715;0
5266;0
10016;0
10674;0
9313;1
503;0
18565;1
13912;0
6986;1
14355;0
3000;0
209;0
6198;0
5262;1
16426;1
8596;0
12626;0
15475;0
13667;0
16173;1
3349;0
15662;0
10418;1
7133;0
6071;0
18387;1
6321;1
16138;0
3708;0
14769;1
15028;0
4958;0
13039;0
1832;1
10239;1
6368;0
18257;1
18232;1
16996;0
8463;1
3661;0
2821;0
13289;1
11130;0
9212;1
1846;0
6242;0
742;0
4593;0
9785;1
9547;0
10115;1
2327;1
9194;0
10553;0
16128;0
9203;0
10675;0
13928;0
14245;0
7379;0
13170;0
9619;0
6700;0
13437;1
19142;1
10537;1
8764;0
449;0
9378;0
241;0
13509;0
17081;0
16159;0
9605;0
61;0
12141;1
15813;1
8514;0
16822;0
6152;0
10121;1
11325;0
3626;0
10064;0
10733;0
19600;0
708;0
2547;0
6085;0
1500;0
3143;0
1645;1
5775;0
5336;0
10855;0
14239;0
282;0
15293;1
15055;0
13760;0
16106;0
7477;0
6229;0
9869;0
10517;1
14113;0
4806;0
19574;0
6508;1
19828;1
6387;0
1269;0
17552;1
10590;0
2417;0
16530;0
4783;0
13906;0
9564;0
17113;0
13222;0
5215;0
1606;0
5797;0
11632;0
17958;0
7887;0
8210;0
2326;0
3480;0
13618;1
11455;0
9682;1
17452;0
1718;0
9493;0
1780;0
11496;1
11397;0
14939;1
2413;0
18564;0
15640;0
2380;1
15363;0
16427;0
11665;1
16118;0
13560;1
19410;0
12293;0
599;0
5528;1
8196;0
13488;1
12186;0
13256;0
17597;0
16456;0
18855;0
2850;0
16350;0
6871;1
15217;0
9496;1
18488;0
14934;0
19850;0
9880;0
5696;0
7712;0
9829;0
7389;0
14199;0
11917;1
3209;1
7495;0
430;0
11549;0
2553;0
6946;1
18042;1
14461;1
17501;1
6870;1
6473;1
17134;1
330;0
12465;0
1471;0
3844;0
2406;0
13830;0
9541;0
6303;0
10530;0
305;0
17768;0
10030;1
13978;0
14977;0
18806;0
13939;0
18354;0
13980;0
17730;1
806;0
19906;0
4584;0
11072;0
14903;0
9835;0
17400;0
17202;0
16238;1
7430;0
3009;0
16221;0
9865;1
17715;0
14393;0
18600;0
15741;0
2089;0
427;1
3969;0
7258;0
11351;0
17664;1
2458;0
5441;0
10963;0
13700;0
5894;0
1236;0
18298;0
1353;0
9397;0
5462;1
9290;0
12658;0
9447;0
17618;0
11785;1
10080;0
4359;0
13510;0
19949;0
18139;0
233;0
6947;0
7655;0
8327;0
15095;0
3699;0
8200;0
4367;0
9953;0
12332;0
18668;1
3803;0
11040;1
5194;1
17902;1
16383;1
9689;1
2399;1
2742;0
6795;0
3305;1
3074;0
1626;0
9740;0
8822;0
6501;0
14830;0
6907;0
15423;1
17565;1
4414;0
16432;0
5568;0
8970;1
13111;0
17418;1
14082;0
1714;1
17017;0
11866;0
12191;0
2895;1
17173;0
9752;1
16675;0
12068;1
1949;0
19627;1
9335;0
2192;0
4139;0
9981;1
4451;0
1050;0
344;0
956;1
12748;1
16588;0
4507;0
12528;0
4378;0
14792;0
10724;0
6858;0
11456;0
16758;0
15384;0
14675;0
12022;0
4658;0
3966;0
18340;1
16887;0
6239;1
6252;1
1594;0
15679;1
2711;0
17211;1
9089;0
4747;0
9606;0
19864;0
1900;0
17972;1
15820;0
1461;0
882;0
3871;0
9099;0
2141;1
12883;0
15323;0
4224;0
15975;0
5230;1
19978;0
16794;1
1473;0
642;0
11925;0
8516;0
16836;0
15237;1
11419;0
19784;1
7253;1
9398;0
13590;0
12801;0
5835;0
2006;0
18731;0
13158;0
15953;0
16844;0
11725;0
11148;1
17982;0
12792;0
6826;0
15736;0
16589;1
19075;1
15586;0
18233;0
15199;0
5143;0
1042;0
12607;0
16206;0
16797;0
3816;0
4703;0
12925;0
13014;0
3929;0
17130;0
6271;0
12670;0
4043;0
11465;0
17160;0
5031;1
16569;1
1485;0
6262;1
12803;1
11798;0
10658;0
19061;0
18314;0
16830;0
17960;0
10672;0
4865;0
10785;1
17595;0
17660;1
7951;0
8811;0
12808;0
3519;1
6867;1
4848;0
14435;0
12856;0
7243;0
14466;0
14189;0
17681;0
6791;0
564;0
11528;0
1394;0
8099;1
9087;0
15734;1
11264;0
7338;0
17665;1
15234;0
2329;0
14984;0
816;0
18594;0
11268;0
240;0
16208;0
8950;0
9719;0
14436;0
12485;0
12081;0
11784;1
6756;0
4117;0
10146;1
7986;0
13118;1
13114;0
15878;0
9645;0
17659;0
13082;0
8152;0
10357;1
17286;1
11118;1
4598;0
15141;0
16409;1
14412;0
8171;0
7889;1
2728;0
7013;0
304;0
10417;0
6043;0
2984;0
2722;0
14047;1
2483;0
11923;0
18235;0
17653;0
3994;1
9794;1
1372;0
729;0
15808;0
7098;0
1308;0
8491;1
12173;0
15474;1
17349;0
2335;1
4909;0
18820;1
13779;1
929;1
15137;0
5279;0
3501;0
14018;0
14773;0
16185;0
19315;0
9101;0
18772;1
17395;0
8590;0
3496;0
16608;1
15348;1
3841;1
17863;1
7593;0
18144;0
13352;0
12380;0
13538;0
973;0
11292;0
1797;0
11091;0
1169;1
10459;0
10522;1
8882;0
18814;0
4498;0
10063;0
4360;0
19084;1
16021;0
16652;0
3034;0
1704;0
6617;0
10389;0
10433;0
15405;1
572;0
12560;0
1997;0
13389;0
13774;1
4211;1
14855;0
14842;0
7450;0
8431;0
13026;0
10758;0
2945;1
3632;0
7982;0
2929;0
16924;0
17455;0
13209;0
11495;1
5003;0
17157;0
1199;1
7080;0
17109;0
14320;1
10811;1
13097;0
4052;0
14766;0
5424;0
5450;0
10032;0
3779;0
16748;0
17853;0
11417;0
5085;0
3913;0
16298;0
13478;0
6845;0
1427;0
4576;0
11645;0
1971;0
15768;0
16659;0
10157;0
890;1
7848;0
6360;0
12766;0
17353;0
9443;0
15543;0
7813;0
19624;0
9573;0
13479;0
8272;0
8192;0
15575;0
18757;1
11203;0
4240;0
7539;0
3340;0
4408;0
1151;0
6958;0
16015;0
18800;1
1937;0
9305;1
10657;1
8181;0
18898;1
1625;0
2686;1
6084;0
2512;0
2451;0
11252;0
5795;0
3725;0
14365;0
14147;0
5350;0
18646;1
918;1
7412;0
10311;0
11531;0
14965;1
8203;1
17097;0
12581;0
1760;1
5467;0
7215;0
11936;0
3214;0
391;0
432;0
18011;0
3949;0
16959;0
1081;0
7105;0
17390;0
16999;1
11765;1
11624;0
1457;0
14438;1
8536;0
2227;0
4126;1
62;0
11218;0
16665;1
14370;0
17649;0
14887;1
12994;1
7019;0
8077;0
779;0
5198;0
18566;0
5796;0
13745;0
8283;0
15335;0
15413;0
11793;0
14857;0
13813;1
2427;0
14628;0
8270;0
4569;1
18942;0
13483;0
8466;0
12696;0
14217;0
12012;0
1194;0
1826;0
12106;0
13838;1
2155;0
53;0
13874;0
6125;0
19060;1
12043;0
19820;0
3851;0
18885;0
10848;0
1852;0
2569;0
15503;1
12436;0
11882;0
4455;0
14118;0
5776;0
18481;0
19056;0
4553;0
6459;0
2331;0
16802;0
12633;1
11939;0
12683;0
269;0
8006;0
4064;0
19130;0
12735;1
19898;0
11893;1
7855;0
4147;0
13017;0
11804;1
9853;0
11880;0
3093;1
1131;0
6716;0
12019;1
16356;0
235;0
3180;0
19385;0
8042;0
17200;0
1102;0
14811;0
15695;0
6828;0
2221;0
4563;0
16081;0
12558;0
18445;0
2604;0
15623;0
2376;0
16981;1
8540;0
8383;0
9933;0
19048;0
12616;0
15686;0
16750;0
1776;0
3196;0
868;0
17905;1
16364;0
1503;1
19798;0
10102;0
12832;1
18913;0
3724;0
9542;0
19148;1
14529;0
19211;0
11386;0
15144;1
10431;0
16979;1
11767;0
17131;1
12989;0
1009;0
14233;1
14489;1
6734;0
8240;0
6821;0
19110;0
19646;0
1476;0
2974;0
16832;0
16668;0
3863;0
1548;0
18291;0
13742;0
362;0
12976;1
1037;0
10917;0
4625;0
1183;0
1117;0
5329;1
6403;0
4987;1
9435;1
4517;0
16586;1
12490;0
11326;0
4997;0
10135;0
5452;0
4438;0
15673;0
7268;0
3032;0
4515;0
19102;1
303;0
14330;1
15184;0
16873;0
1489;1
18009;0
2585;0
4262;0
9444;1
8478;0
10526;0
14360;0
7296;1
4035;0
10039;0
1724;1
4114;1
901;0
10136;1
5666;0
11229;0
301;0
93;0
15401;0
17759;1
1064;1
10475;0
6710;0
4194;0
14331;0
18749;0
3980;0
17979;1
4745;0
19565;0
13360;0
12057;0
13771;0
6297;0
7603;1
13523;0
18834;1
12091;0
11067;0
7335;0
15489;0
363;0
6869;1
15230;0
8521;1
16550;0
7102;0
8880;0
5749;0
2105;0
10661;0
14799;1
14038;0
8301;0
10964;0
4350;0
9929;0
3734;1
12339;1
17831;0
4597;0
2322;0
15381;0
13503;1
9967;0
18174;0
6987;0
7262;1
3789;0
8904;1
12046;1
7771;1
1200;0
9971;0
4056;0
12669;1
10074;0
3720;0
1278;0
16935;0
9427;1
19914;0
10130;0
9422;0
14117;1
9961;1
15826;0
16693;0
13744;0
19103;0
1225;1
4143;1
11522;0
5218;0
14980;0
16212;0
7437;0
11521;1
13186;0
11696;1
11149;1
8239;1
5367;0
18713;0
9407;1
11402;0
6609;1
16795;0
3840;0
8082;0
7184;0
7742;0
5291;0
14283;0
3559;0
5195;1
13644;1
6569;0
13708;1
15315;0
14267;0
3280;0
10685;0
5010;0
8178;0
18308;0
3983;1
18624;1
9958;0
4954;0
14453;0
10162;0
4415;0
11304;0
18310;0
17168;1
6436;0
8014;1
14490;1
16217;0
14064;0
586;0
4119;0
11940;0
9519;0
13504;1
16119;0
5652;1
8545;0
7681;1
1775;1
3581;0
7637;0
12740;0
9702;1
15079;0
10455;0
4562;0
4456;1
14088;0
1918;0
2169;0
1879;0
9686;0
6471;0
8877;1
13651;0
7943;0
5516;0
1059;0
14825;0
17056;0
6350;1
16909;0
8104;1
1849;0
14926;0
4189;0
2435;0
11854;1
17657;0
4560;1
18972;1
1209;0
6081;1
15638;0
18426;0
6685;0
4758;0
5063;0
9057;0
11955;0
16711;1
13381;0
7007;0
12361;1
5460;0
437;0
18138;0
9440;1
2324;0
3061;0
9610;1
9245;0
401;0
6988;0
17244;1
7654;0
17425;0
6780;1
1526;0
234;0
15574;0
17112;0
5519;1
5134;0
15958;0
18086;0
13485;0
5737;0
17600;0
2678;0
18153;1
18189;0
5163;1
4501;0
5388;0
18927;0
4354;0
17090;0
18864;0
14775;0
17924;0
14833;0
9075;0
16195;0
17376;0
7490;1
7146;0
6346;1
11426;1
17270;0
17701;0
9066;0
17184;0
17962;0
13188;0
15319;0
8738;0
13971;1
15436;0
16399;0
15583;0
17866;0
2090;0
10541;0
17690;0
8149;0
11873;0
2379;0
8471;1
11427;0
9155;0
13767;0
13811;0
13940;0
19678;0
15022;1
8102;0
8648;0
17937;0
17463;0
5228;0
9330;0
18471;0
13187;0
14555;1
13962;0
2295;0
17133;1
10284;0
4798;1
6713;0
8972;0
12008;0
8762;0
12628;1
16574;0
4086;1
10915;0
2167;0
7141;0
14650;0
18833;0
11379;1
4499;0
13896;0
6706;0
7721;1
17289;1
10905;1
1575;1
13002;0
3329;1
3245;0
19252;0
1843;0
11606;1
12701;0
12623;0
11468;0
2204;0
16978;1
2188;0
3201;0
4474;1
3357;0
9111;1
6687;0
10331;0
3997;0
7217;0
3533;0
12230;0
8140;0
18036;1
9570;0
13397;0
168;0
6372;0
8564;0
133;0
1501;0
8552;0
11303;0
18917;0
16263;0
14408;0
15367;0
8773;1
18360;0
14779;0
6354;0
8484;0
11498;1
14999;0
826;0
9294;0
13441;1
12050;0
18712;0
7483;0
11630;0
5497;0
6998;0
12108;0
5071;0
18748;0
7882;0
18738;0
11892;0
18059;0
1739;1
2203;0
11382;1
3815;0
15211;0
8629;0
14247;1
7642;0
14725;0
2303;0
8866;0
955;0
19078;0
9006;1
2529;1
15901;0
13027;0
15235;0
12963;0
13440;1
11213;1
12591;1
3052;0
8138;0
15717;0
11390;0
11832;1
3756;0
4328;0
1804;0
5008;0
11291;0
11124;1
1850;0
15874;0
11407;0
9770;1
4668;1
8845;0
2050;0
9854;0
18852;1
17749;1
16679;0
18720;0
2457;1
14517;0
17341;0
6427;0
9346;0
9352;1
11147;0
1384;0
15955;0
5540;0
4957;1
17351;0
10875;1
859;0
4030;1
10305;1
7325;0
11631;0
11577;0
8783;0
8578;0
18945;0
2566;0
14905;0
1858;1
9459;0
8206;0
7144;0
9213;0
9666;0
19192;1
9889;0
19934;0
13836;0
11564;1
11006;0
13506;0
11811;0
15650;1
10435;0
888;0
7378;0
18333;0
89;1
7791;0
6341;0
3870;1
5445;0
18949;0
1710;0
4551;0
2069;0
7039;0
3393;0
5297;0
18653;0
3416;1
2179;0
8793;0
9639;0
17436;0
10808;0
12394;0
14532;0
1523;1
1999;0
957;1
13193;0
4447;0
15464;0
18491;0
3761;0
15578;0
6719;1
15385;1
4017;0
6516;0
11978;0
13945;0
17588;0
10081;0
16387;0
14059;0
11998;1
11717;1
8528;1
6466;1
14900;1
117;0
10261;0
2444;1
6877;0
2683;1
7815;0
3539;0
12819;0
9874;1
18450;0
12207;0
17118;0
15849;0
8920;1
15824;1
7138;0
9810;0
6015;0
17841;0
8936;0
3596;0
11714;0
11730;0
325;0
18452;0
17252;0
10683;0
8167;1
16986;1
9985;0
6761;0
12716;0
11098;0
4468;0
4807;0
16827;0
5216;0
3909;0
15534;0
18398;1
14838;0
11381;0
3344;0
9052;0
10077;0
13155;0
576;0
1246;0
9928;0
10644;1
16474;0
6426;0
5733;1
18581;0
8228;0
8872;0
10723;1
7969;0
7364;0
18234;0
2316;0
17938;1
11935;0
14836;0
7793;0
1956;0
10443;0
3869;0
8810;0
3145;1
5184;1
10194;0
1323;0
6613;1
17228;0
9395;0
17882;1
13566;0
5549;0
18916;1
17805;0
16082;1
5342;0
16109;0
7768;0
6836;0
13022;0
15349;1
2228;0
13107;1
5306;1
18836;0
9462;0
8494;1
2798;1
1911;0
19787;0
590;0
18271;0
19338;0
14549;0
7321;1
8721;0
17680;0
7864;0
16558;0
17504;0
17891;0
18901;0
15071;0
3782;1
17613;1
15169;0
19482;0
11356;0
490;0
18649;0
7726;0
12160;0
9291;0
12565;0
5861;0
8191;1
5386;0
16481;0
4204;0
17862;0
13724;0
1152;0
12190;0
10069;0
17652;0
11815;0
16520;0
19003;0
16164;1
17318;0
4578;1
8168;0
16020;0
16660;0
317;1
4591;0
5315;0
8942;0
10547;0
9885;1
3731;0
12828;0
2755;0
15690;1
1549;0
18339;0
3436;0
15057;0
12072;0
8306;0
10880;0
5254;0
7361;1
18428;0
17225;0
18164;1
2328;0
7880;0
12893;0
6285;0
6281;0
13172;1
16746;0
4944;1
7387;1
14862;0
16896;0
3269;0
18136;0
3395;0
7794;0
7888;0
505;0
10126;0
9436;1
12080;0
17851;1
17695;0
533;0
6622;0
16485;0
6377;0
8108;0
136;1
5526;0
14494;1
3693;0
12074;0
3655;1
2259;0
15380;0
14175;0
13624;0
11558;0
2571;0
9819;0
13183;0
2613;1
9159;0
1045;0
10711;1
13159;0
9745;0
13653;0
4195;1
19112;0
11035;0
11123;0
16465;0
135;0
7588;0
1547;0
7991;0
11796;1
4791;0
7826;0
1419;0
6552;0
7833;0
7514;0
19212;0
11908;0
13126;0
3511;1
16343;0
4454;0
3246;0
7649;0
18598;0
4722;0
18625;0
11837;0
18239;0
2260;0
15934;1
1895;1
4090;0
13555;0
6771;0
834;0
10002;1
15971;1
392;0
5122;0
7756;0
2400;1
11482;0
11162;0
15113;0
8425;0
2772;1
2076;0
18828;0
12518;0
4678;0
16108;1
2214;0
12294;0
2759;0
13475;1
7773;0
5502;0
1177;1
1636;0
3630;0
11791;0
3420;0
7015;0
3237;0
19403;0
12240;0
6005;0
3296;0
9308;0
4837;1
18405;0
1182;0
3768;0
7667;1
16850;0
1180;0
8040;0
7665;0
19788;0
3088;0
13173;0
16255;0
13594;0
13713;0
13972;1
13091;0
3248;1
10843;0
3938;0
12694;0
11050;0
15571;0
19041;0
7435;0
16192;0
10680;0
18969;0
11979;0
18152;0
15871;0
16305;0
9167;0
19770;0
14757;0
610;0
2928;0
8179;1
6420;1
9925;0
16975;1
3654;0
6148;0
12631;0
16740;0
18243;0
13679;0
9593;1
14916;0
17203;0
4475;1
4502;0
7336;1
5608;1
15387;0
7799;1
6563;0
14244;1
1197;0
3793;1
2818;0
16357;0
19937;0
18946;1
10740;0
18295;0
107;0
28;0
16261;0
9658;1
2007;0
5757;1
13855;0
7213;0
11190;0
6176;0
3760;0
9251;0
4846;0
7524;0
17496;1
5808;1
2676;0
5068;0
18182;0
10826;0
3135;0
11215;0
16099;1
12871;0
12935;0
11055;1
6948;0
7543;1
6109;1
4136;0
18657;0
5573;0
10312;0
3744;1
1273;1
6524;1
16876;0
2047;0
18710;1
2225;0
11022;0
8183;0
12296;1
16129;1
14468;1
17122;0
18587;0
3247;0
3999;1
6424;1
14165;0
8903;1
977;0
350;0
11973;0
7179;0
124;1
7803;0
9919;1
18088;0
2341;0
14780;0
15346;1
13991;1
9515;0
18128;0
8366;0
8890;1
10292;0
16964;0
7635;0
5864;0
14353;0
11865;0
6635;1
14413;1
3682;0
1534;0
13643;0
16084;0
8493;0
3859;0
11353;0
549;1
18912;0
18348;1
18248;0
1658;1
8831;0
12657;1
10886;0
8076;0
11795;0
17009;0
10044;0
12817;0
18343;0
16116;0
18619;0
8150;0
9653;1
16410;1
13482;1
2211;0
12578;0
1350;0
9826;0
5225;0
10330;0
11593;0
6636;0
16938;1
7870;0
8864;0
15270;0
12747;0
17277;0
9661;0
13311;0
3791;0
12965;0
14944;0
14003;0
5332;0
15796;0
9917;1
10398;1
11227;0
369;0
13668;0
17288;0
13720;0
9248;1
3188;0
1586;0
6407;1
1845;0
6603;0
7644;0
8208;0
6113;1
18002;0
9364;0
17474;0
14789;1
3873;0
13648;0
2469;0
16621;0
3927;0
5847;0
10932;0
19029;1
5224;0
11070;0
11904;0
9703;0
2760;1
5471;0
11646;0
16647;0
14032;0
10143;0
16101;0
2009;0
17366;0
1095;0
18882;0
13777;0
11500;0
12189;0
12424;0
14771;0
6515;0
8350;0
19862;0
11876;0
13900;0
4284;0
19529;0
4108;1
7983;0
15233;0
13669;0
13919;1
12268;0
4141;0
1288;0
19079;0
16003;0
15232;0
7505;0
9618;0
426;0
5308;0
11464;1
14783;0
8739;0
10671;0
15526;0
1773;0
19972;0
7337;0
15810;1
9736;0
19920;0
5481;0
1487;0
13709;0
12765;1
1215;0
13805;0
8777;0
8795;0
278;0
11216;0
17473;1
7618;0
11028;0
17711;0
13438;0
3565;0
924;0
3;0
10608;0
15096;0
13344;0
7489;0
19926;0
759;0
4482;0
814;0
3586;1
6463;1
6949;0
12915;0
3845;0
15187;0
9757;0
13819;1
10950;0
11590;0
7517;0
12887;0
17973;0
5094;0
1735;0
18853;1
10763;0
13550;0
13765;0
6164;0
5217;0
15678;1
1593;0
1280;0
1163;1
16861;0
15432;0
970;1
230;0
425;0
6974;0
291;0
15577;0
13937;0
18592;0
14601;0
18761;0
1481;0
4320;1
4700;1
8727;0
17643;1
6557;0
11885;1
11868;1
210;0
3701;0
875;0
19701;0
11453;0
19751;0
3819;1
15968;0
5235;0
1886;0
4293;0
10962;0
13322;0
7499;1
11267;0
9615;0
2752;0
8334;0
15277;0
3365;0
6478;0
1841;0
11992;0
8280;0
17679;0
3066;0
17036;1
7947;1
7996;0
1193;0
11592;0
6929;0
17467;0
19802;0
16289;1
4939;1
205;1
14805;1
5375;1
3107;1
14026;0
5843;0
15610;0
1084;0
17340;0
5500;0
8519;0
18281;1
13507;0
10280;0
5087;0
8430;0
15333;0
4839;0
5618;0
11106;0
13880;0
10469;0
16646;0
11454;0
15201;0
16142;0
18845;0
10412;0
6163;0
14227;0
18202;0
17167;1
5883;0
11594;0
9729;0
19502;0
8550;1
5017;0
479;0
18187;0
15012;0
15576;0
3862;0
17707;1
19404;1
18879;0
2961;0
3638;1
3408;0
866;0
14243;0
12383;0
16761;0
7511;0
4401;1
6135;0
16919;1
14031;0
18767;1
10835;0
4402;1
9037;0
10913;0
14514;0
14486;0
16251;0
8030;0
1952;0
11408;0
18082;0
16853;1
17604;0
9314;1
8432;1
4241;0
3649;0
4203;0
12349;0
3556;1
6733;0
3607;0
5000;0
10242;0
1399;0
19905;0
5758;0
15558;0
13746;0
3430;0
1247;0
7585;0
18150;0
4657;0
17480;0
11204;0
7234;0
16708;0
7529;0
16715;0
12539;0
10737;1
14250;0
3880;1
2121;0
11376;0
2684;0
18024;0
4548;0
3712;0
16344;1
6962;1
9909;0
4961;1
8992;0
9941;1
17726;0
6455;0
12344;0
11677;0
10099;0
17025;1
5582;1
13472;1
12988;0
5234;0
14942;1
3434;1
15145;0
11141;0
280;1
13780;0
7840;0
10803;0
3012;0
334;0
3959;1
12367;0
8863;0
8330;0
937;0
18547;0
6811;0
10026;0
5193;0
10219;0
7401;0
3351;0
16764;0
3775;1
11345;0
18766;1
9410;0
10294;0
15194;0
14260;1
331;0
10744;1
18447;0
10392;0
2697;0
9463;0
15819;0
8707;0
10436;0
5346;0
6207;0
8185;0
9136;1
9362;0
14092;0
15433;1
14709;0
18725;0
1925;1
8369;0
3375;0
5466;0
16349;0
6240;0
878;0
11544;1
5905;0
15272;0
2499;0
15711;0
3385;0
12154;0
15377;0
13505;0
14063;0
749;0
4899;0
7263;0
2935;0
6241;0
16178;1
13468;0
7545;0
10772;0
13308;1
6287;0
5272;1
15948;0
2381;0
11988;0
12363;0
3217;0
13001;0
16855;1
17602;0
16604;0
10627;0
9641;0
7905;0
15910;0
19878;0
8407;1
8767;0
6162;0
15403;0
17316;0
13585;0
13388;0
15744;0
1367;0
18332;1
8286;0
18227;1
19065;0
13298;0
6604;0
17470;1
10609;0
5807;0
15709;0
11459;0
16682;0
11186;1
372;0
19161;0
3287;0
19908;0
14619;1
16681;0
6311;0
7778;0
10096;0
17612;0
10847;0
9001;1
4053;1
1620;0
9331;1
17521;1
5711;0
8095;0
3587;1
8406;1
1996;0
14208;0
15450;0
6787;1
5929;0
4165;0
13516;0
14061;0
327;1
5705;1
8816;1
1285;0
3635;0
15297;1
4765;0
16985;0
8015;0
8984;0
8939;1
6564;0
2454;0
964;1
11846;0
6522;0
5529;0
7807;0
14921;0
9588;0
290;0
13373;1
4666;0
10775;0
2378;0
19167;0
7400;0
6927;0
149;0
12090;0
16696;1
6926;0
11510;0
18160;0
5088;0
14931;0
14037;0
10437;0
15306;0
12507;0
8854;0
4428;0
16888;0
2431;0
14427;0
179;0
7634;0
15972;0
1466;1
8546;1
6708;0
2765;0
17190;1
7429;0
5461;0
14087;0
4938;0
17246;0
6159;0
6041;0
11480;0
16824;0
8098;1
14565;0
7948;0
17154;0
8683;1
12769;0
7288;1
18756;0
3261;1
13518;1
2807;0
3583;0
9027;0
8969;0
13814;0
5091;0
18446;1
15656;0
16989;1
3723;0
6703;0
3545;0
18650;0
7005;0
16469;0
1948;0
16061;0
17421;0
18763;0
6040;0
3518;0
6813;1
6324;0
12054;1
14723;1
10586;0
16152;0
14156;0
2551;0
10240;0
2995;0
18510;0
14174;0
11706;0
14285;0
10019;1
4730;0
2044;1
8049;0
19723;0
18483;0
6417;0
5333;0
10400;0
17324;0
6587;1
14877;0
7595;0
10348;0
6150;0
4984;0
8248;0
17876;0
5947;0
6677;0
10751;0
14969;0
7355;1
2027;0
486;0
6549;0
15992;1
8216;0
8256;1
12738;1
14119;0
13989;0
8990;0
12231;0
6000;0
9963;0
75;0
1255;0
18197;0
13983;1
3202;0
11324;0
2078;1
7736;0
3530;0
3153;0
3551;0
13068;0
18661;0
3991;0
13898;1
3402;0
528;0
6640;0
15123;1
6809;1
15102;0
8582;0
2063;0
14340;0
9417;1
2156;0
17951;1
4955;0
1905;1
14528;0
9617;0
4382;0
1295;0
11494;0
15111;0
573;0
14589;0
1847;0
14787;0
3541;1
10817;0
14554;0
1187;1
3777;1
6250;0
6245;0
18562;0
12426;0
8422;0
8975;0
16635;0
12782;0
1531;0
5990;0
6089;0
1587;1
19044;1
10554;0
4343;0
18666;1
1286;0
13347;0
359;0
6244;0
8233;0
10804;1
5951;0
6763;0
2043;0
6773;0
6434;0
286;0
15694;1
620;0
3003;1
11960;0
6213;0
13860;0
12164;0
3882;0
4081;0
13925;0
16528;1
8925;0
14599;0
18683;1
15038;0
11217;0
8420;0
14922;0
6225;1
4146;0
3676;0
8489;1
5755;1
14635;0
1235;1
8808;0
1142;0
10139;0
18040;1
271;0
17030;1
8621;0
15100;0
4256;0
5267;0
18593;0
2748;0
10056;0
8735;0
16916;0
15913;0
6538;0
6674;0
5893;0
15386;0
11440;0
10805;0
10347;1
3347;0
11817;0
18925;0
19762;0
17641;1
2116;0
1208;1
11117;1
13905;1
9902;0
2094;0
15524;0
13903;0
2911;0
18066;1
1074;0
5752;0
11051;0
962;0
7755;0
277;0
16706;1
3849;0
5387;0
19008;0
5535;1
8511;0
18127;1
5928;0
3531;1
2782;0
13129;0
12642;0
4295;1
16783;0
10937;0
16863;0
17748;0
18623;0
3740;0
16622;0
16113;0
17648;0
7564;0
19615;0
12199;0
7009;0
1293;0
11860;0
17146;0
1885;0
14639;1
19919;0
18524;1
18294;1
6418;0
14873;0
10314;1
10700;0
15663;0
16482;1
19913;0
14483;0
8362;0
2733;1
5079;0
17132;0
6831;0
4786;1
609;1
11921;0
5263;1
4773;0
7084;0
19424;1
13374;1
147;0
11565;0
16333;0
12438;0
12132;0
3915;0
14202;0
15865;1
16201;0
1133;0
14777;0
2960;0
18238;0
18183;0
19765;0
6078;0
12648;0
5051;0
1342;0
345;0
16927;0
12958;0
10921;0
10983;0
13053;1
1203;1
11740;0
9808;1
12993;1
6751;0
13633;0
15411;0
18058;0
15334;0
5377;0
18611;0
1039;0
7369;1
15090;0
17694;0
4330;0
16016;0
18894;0
11797;0
15382;0
8935;0
17688;0
5470;0
6675;0
11005;0
5741;0
10360;0
18106;0
11788;0
7246;0
15999;1
14570;0
6217;0
8023;0
19402;0
8949;1
13462;0
19016;0
6582;1
11991;0
9465;0
10830;0
3660;0
16912;0
15639;0
1576;0
2985;0
15593;0
2537;0
16374;1
6373;1
11142;0
4026;0
10255;0
9478;1
3115;1
17127;0
5139;0
12333;0
4339;1
12501;1
6822;0
19059;1
10565;0
284;0
15692;0
3727;0
12129;1
3732;0
4665;0
8889;0
12071;0
5238;0
8132;0
11129;0
8937;0
13650;1
4393;0
3867;0
18719;0
2472;0
10213;0
10647;0
16143;0
19098;1
12759;0
6784;0
3759;1
17468;0
8818;1
12519;1
2641;0
11076;0
16755;1
15761;0
11842;1
12331;0
6141;0
16167;0
9069;0
14544;0
2920;1
11361;0
1222;1
4220;0
14644;1
7952;0
11140;1
8993;1
3085;0
8940;0
15083;1
8464;0
13471;0
11318;0
7142;0
11041;0
4972;0
4166;0
8359;0
17961;1
2751;0
4369;0
6445;1
14050;0
15823;1
1512;0
11031;0
14726;0
9198;0
16023;0
17144;0
5537;0
4635;0
4721;0
11907;1
9151;0
11731;0
7901;0
12865;0
16008;0
1214;0
7281;1
19681;0
2700;0
10576;0
17738;0
16792;0
2919;0
6605;0
18209;0
10970;1
18414;0
9268;1
6764;0
972;0
9259;0
5813;0
17300;0
17301;0
7322;1
18282;1
6531;0
10972;0
8998;1
19204;0
17578;0
678;0
3942;0
14004;0
15135;1
2563;0
11737;0
4244;1
539;0
6629;1
17558;0
18529;0
14356;0
12187;0
19058;0
15271;0
8886;0
11570;0
14314;0
14354;0
13909;0
4506;1
18906;0
18632;0
15026;0
6228;0
10257;0
5989;1
4032;1
6844;0
14509;0
11063;1
1882;0
13882;0
16211;1
10521;0
3603;0
17099;0
16576;0
11486;0
1675;1
4600;0
1268;0
18279;0
14523;0
9361;1
13548;0
6789;0
5448;0
3924;0
3567;0
17093;0
6483;1
4760;0
3646;0
3967;0
8953;0
4107;0
15604;1
6079;0
6149;0
19053;0
12213;1
16028;0
14262;0
6411;0
2144;0
1483;0
16144;0
8821;0
5083;0
15409;0
1025;0
2383;0
565;0
2198;0
7806;1
6746;0
17412;0
14548;0
447;0
13549;0
15341;0
15317;0
12415;0
8857;0
4937;0
18317;0
2704;1
7551;0
6187;0
17629;1
16625;0
13831;0
9951;0
18438;0
13678;0
14706;0
12232;1
15894;0
14094;0
3486;1
13807;0
2712;0
11145;0
1624;0
9300;0
4962;0
5576;1
8416;0
2717;0
12396;1
18535;0
8895;0
4279;0
18934;0
16718;0
2792;1
9773;0
1227;0
11212;0
9554;0
4460;1
3981;0
9207;1
14322;1
6601;0
16710;0
19080;0
12346;0
10095;1
16277;0
18283;0
12243;0
1914;0
706;0
19593;0
15305;0
4609;0
2152;0
14485;1
18449;0
19117;1
12369;1
12981;0
10423;1
19891;0
16483;0
16107;0
13604;0
2584;0
17519;1
8367;0
17040;0
14574;0
19303;0
3962;0
1435;0
4282;0
8825;0
16454;1
15478;0
18293;0
15957;0
12959;0
19027;0
10302;0
7482;0
4873;0
19437;1
17907;0
10938;0
4263;0
14357;1
7017;0
7313;0
348;1
6477;0
17607;0
3260;0
14807;0
443;0
14184;0
8562;1
11273;1
17080;0
6505;0
10373;0
17859;0
15099;0
5508;1
9348;0
5128;0
15347;1
9105;1
1612;0
13484;1
9980;1
15481;1
14657;1
7886;0
873;0
12170;0
16908;0
1693;0
638;0
14997;0
7372;0
2070;0
18647;1
7857;0
13574;1
19153;0
4492;1
771;0
11913;0
8828;1
3866;1
13856;1
12656;0
14104;1
696;0
11159;0
3330;0
5292;0
6370;0
7902;0
2867;0
4702;0
5981;0
5601;0
10374;0
7926;1
11530;0
3409;0
14696;0
15902;0
6205;0
18231;1
1259;0
4102;1
15522;1
4908;0
13414;0
5273;1
14261;0
5101;0
16288;0
5421;0
5321;1
3229;0
1838;0
7990;0
11548;0
8165;0
14220;1
1748;0
3670;0
13065;0
19202;0
2811;1
1947;0
8995;0
7971;0
307;0
3690;0
19067;1
17411;0
6344;0
7469;1
5478;1
13725;0
13973;0
15351;0
5191;0
7439;0
8526;0
15219;1
2127;0
18732;0
16972;0
18838;0
328;0
15841;0
3235;0
14790;0
7895;1
3628;0
8224;1
15923;0
19239;0
9735;1
15085;0
10399;1
6327;0
14097;0
16297;1
3147;0
18736;0
13727;0
13493;0
15404;0
13275;0
19810;1
8281;0
3728;0
5884;0
18020;0
6555;0
3804;1
12036;1
18803;1
5380;0
9298;0
11365;0
5219;0
8213;1
10307;0
1723;0
19917;0
5809;0
10163;0
16777;0
9344;0
18907;0
11681;0
2436;0
15023;0
6429;0
17809;0
921;0
5714;1
14597;0
12991;0
741;1
16965;1
13387;1
6343;0
3937;0
4179;0
14309;0
3766;0
11362;0
9374;0
16623;1
7828;0
4495;0
9710;0
5612;0
16353;0
8522;0
7836;0
4761;0
5205;1
2288;1
18617;0
8166;0
19511;0
3820;0
17367;0
9000;1
7955;0
10101;0
18422;0
11302;0
9687;0
13016;1
7763;0
19039;1
16375;0
16112;0
6709;0
10384;1
1805;0
7772;0
18373;1
3038;0
10538;1
15757;0
1552;0
4392;0
2716;0
7754;0
10715;1
529;0
15157;1
2950;0
9342;0
13348;0
3920;1
16457;1
7710;0
4651;0
10178;0
14812;0
11640;0
10662;0
16570;0
11563;0
4018;1
13273;0
10129;0
376;0
4670;0
9600;0
8602;0
6;0
13728;0
15746;0
13815;0
17434;0
431;0
5171;1
8356;1
11879;0
9589;0
1465;0
17918;1
16271;1
11199;0
10109;0
10845;0
10936;0
17817;0
9369;0
9264;1
6621;0
12431;0
14200;1
2428;0
3828;0
1181;0
11430;1
10051;0
10210;0
10317;0
19272;0
2695;1
7300;0
11189;0
18165;0
9908;0
7070;0
8458;0
1166;0
15161;0
4881;0
18509;1
14444;1
9092;0
10634;0
9609;0
13194;1
7366;0
16843;1
3833;0
9657;0
5391;0
15247;0
14442;0
7675;0
8731;0
5697;0
18384;0
17654;0
7829;0
15728;0
13439;1
5328;1
7156;1
13528;0
13240;1
10764;0
8626;0
10200;0
2177;1
18404;0
11887;0
8868;0
975;1
8966;0
9883;0
8571;0
2365;0
8758;1
9334;0
3106;0
11446;0
172;0
1475;0
5943;0
7086;0
346;0
10666;0
15281;0
16619;0
9249;0
9199;0
10824;0
3968;0
9376;0
13701;1
17762;0
615;0
6790;0
7478;0
5040;0
14798;1
11111;0
2066;0
3976;0
5531;0
8044;0
14103;0
18366;0
7479;1
16775;0
6094;0
8534;1
11082;0
12044;1
5570;1
6775;0
225;1
0;0
7390;0
4004;0
16640;1
9712;0
3108;0
10589;0
11612;0
2698;1
18747;0
12127;0
19100;1
238;0
6211;0
10338;0
12371;0
10728;0
17848;1
18984;1
18813;0
10166;0
4727;0
9005;1
9587;0
9247;0
19676;0
8028;0
7118;1
12802;1
19411;0
15915;0
17075;0
19034;1
17894;0
34;0
11247;0
4163;1
13356;0
4512;0
3781;0
9292;0
16866;0
5819;1
9282;0
13296;0
6098;0
1201;0
10345;0
8268;0
5669;1
11406;0
2158;0
10220;0
5004;0
3738;1
7149;1
15636;0
4552;0
6989;1
4351;0
10265;0
2926;0
3778;0
6788;1
7458;1
10620;1
15312;0
4469;0
15523;0
534;1
6591;0
4819;1
6866;0
9768;0
9956;0
8999;1
17110;0
6628;1
19046;1
11146;0
18016;1
19768;0
11648;0
2130;1
18406;0
14292;0
4223;0
2122;0
8371;0
16834;1
1165;0
18043;1
14802;0
3512;0
7345;0
10844;0
19243;0
7988;0
13333;1
11773;0
10705;0
12638;1
5007;0
8965;1
7164;0
8225;1
6830;0
13637;0
11766;0
9830;0
6175;0
16557;1
7471;0
19580;0
15821;0
14191;0
8365;0
19897;0
15431;0
8016;0
4314;0
5145;0
5019;0
17019;1
18439;0
9734;1
8485;0
17950;0
9506;0
16923;0
9058;0
11703;0
1637;0
17551;1
19207;0
14210;0
14317;0
2715;1
11394;0
7299;0
8824;0
11965;1
8159;0
3733;1
17014;0
9293;0
9275;1
9377;0
15710;0
4207;0
18743;0
9086;1
13153;0
2403;0
7487;0
9318;0
6930;0
9201;0
8898;1
5507;0
6546;0
1674;0
1358;0
19995;0
12307;0
14203;1
18041;0
211;0
14845;0
17784;1
15284;0
7101;0
4292;0
1644;0
7386;0
8130;0
8670;0
5994;0
19432;0
11990;0
919;0
2705;0
11952;1
15993;0
1692;0
7827;0
16902;0
6925;0
19230;1
11307;1
10131;0
9566;0
1175;0
10754;1
18645;0
13996;1
5839;0
4045;0
10035;0
14080;0
3944;0
14995;0
16370;1
17251;1
17057;0
5867;0
5327;0
12559;1
222;0
5511;0
18022;0
4436;0
4812;0
3945;0
12551;0
15712;0
7475;0
15410;0
8553;1
9642;1
1960;1
10527;0
6623;1
9286;1
19480;1
17943;0
7557;1
19485;0
10333;0
18456;0
2290;0
5515;0
3312;0
2983;0
14663;0
7436;0
6201;1
1164;0
13929;1
4508;0
17959;0
7051;0
12039;0
9014;0
5277;0
2018;0
3783;0
9216;0
2061;0
13512;1
11346;1
15302;0
19634;1
14927;0
17994;1
6279;0
8962;0
12448;1
4585;0
16607;1
6072;0
14084;0
900;0
17893;1
7800;0
18589;0
17276;1
5760;0
32;1
1520;0
4555;0
2937;0
333;0
11049;0
9484;0
7207;1
15916;0
6193;0
7631;0
7119;1
4259;0
4763;1
9351;0
18071;0
10075;0
6254;0
18225;0
16453;1
6405;0
12252;0
2708;0
17712;0
5734;0
5678;0
15371;1
13697;0
3116;1
4767;1
18194;0
7166;0
5719;1
6021;0
15416;0
6121;1
11220;0
4632;0
4526;0
6409;1
17401;1
8103;0
4255;0
489;0
14318;0
16037;0
17129;0
4352;0
10118;1
2392;0
1292;0
18149;0
17906;0
6652;0
16645;0
10344;0
865;0
12550;0
515;0
1588;0
4125;1
3057;0
18526;0
18468;0
7970;0
2599;0
1734;0
4075;0
4077;1
18734;1
8314;1
8918;1
4459;0
8881;1
13769;0
5140;0
2393;0
16831;0
14432;1
8002;0
1478;0
13;1
15326;0
18091;1
18966;0
7085;1
10173;0
10193;0
17125;0
19327;1
15476;0
3311;0
18839;0
983;0
4101;0
8587;0
8892;1
3677;0
16937;0
9572;0
17791;0
14086;0
6093;0
8502;1
11211;0
1005;0
5196;0
9147;0
17789;0
5609;0
13808;0
13432;0
13740;1
347;1
4015;1
11474;0
15615;0
9513;0
10925;0
9148;1
14659;0
3352;0
18783;0
10531;0
15879;0
17506;0
1880;0
16811;1
2338;1
13124;0
14030;0
4427;0
9994;0
4728;0
13792;0
8838;1
9277;0
2806;1
592;0
16717;0
9312;0
8078;0
5113;0
1502;0
11946;0
7206;0
13953;1
8812;1
8635;0
14693;0
16503;1
6008;0
10181;0
12450;0
17678;0
3780;0
538;0
14848;0
15973;0
10688;0
4022;0
10877;1
15138;0
8875;1
5151;0
5788;0
10378;0
18963;0
18034;0
12532;0
8586;0
11840;0
18342;0
1428;0
6206;0
15609;1
18798;1
8780;0
454;0
663;0
1188;1
16052;0
5304;0
7247;0
9202;0
12889;0
7786;1
12234;0
3366;0
8084;0
15110;0
12767;0
12427;1
1398;0
1136;0
5552;0
1420;0
5910;0
18769;1
13003;0
5243;0
16704;0
9206;0
212;1
5840;1
13703;1
12212;1
7978;1
9120;0
7025;0
8324;0
8513;0
18830;0
15493;0
10394;0
5908;0
18811;0
14899;0
181;0
17138;0
14645;0
16603;0
7223;0
5082;1
19475;0
12483;0
18947;0
4219;0
10529;0
16380;0
4253;0
1043;0
11423;0
4381;0
7577;0
6475;1
3706;1
15048;1
811;0
13554;0
17498;0
18003;1
5177;0
1812;0
16086;0
17032;0
10697;0
16841;0
11101;0
3767;0
18371;0
16889;0
17807;1
17790;0
18458;0
7594;0
15669;0
7678;1
6934;0
8439;0
11945;0
14701;0
14551;0
14169;1
15515;0
17185;0
8743;0
10885;0
5376;0
540;0
6313;0
18464;0
9820;0
8264;1
19928;0
10638;1
2103;0
14143;0
2959;0
16823;1
16137;0
105;0
4083;0
13190;0
14212;0
5241;0
16077;0
10296;0
15359;0
4092;1
15402;1
17475;0
19094;0
3735;0
7946;0
10036;0
19930;0
12713;0
19645;0
18500;0
8809;0
3542;0
9871;1
2809;0
7451;0
10841;0
3707;0
4529;0
6772;0
9367;1
4258;1
3899;0
3578;0
4494;0
10920;0
5660;0
11398;0
1844;1
11937;0
1198;0
10635;0
11177;0
18929;0
2794;0
12663;0
2037;0
15946;0
16977;1
17143;1
1324;0
4744;0
2661;0
6007;0
13658;0
14170;1
8486;1
13164;0
10127;1
11200;0
12329;0
15584;0
11834;0
5944;0
7720;0
19106;0
12082;0
3520;0
17559;0
5384;1
12420;1
9674;0
5794;0
5001;1
9644;0
926;0
3674;0
12368;0
15776;0
7140;0
8748;0
12512;0
8947;0
12971;1
12402;0
17413;0
3865;0
10315;0
16475;0
10057;0
14249;0
4133;0
1553;1
4558;1
18329;1
14818;0
5968;0
10249;0
10165;0
746;0
1600;0
17164;0
14287;0
10654;0
7176;0
4370;1
11667;1
6329;0
1819;0
13199;0
7860;1
17899;0
1513;0
7994;1
9511;0
11207;0
1468;0
7583;0
626;0
13645;0
8304;0
10295;1
4213;0
15770;1
11371;0
8313;0
5233;0
13985;0
6757;0
12449;0
11178;0
18341;0
6454;0
6384;1
7673;1
14795;1
14616;1
9907;0
15791;0
8657;0
3786;0
11075;0
1756;0
15361;0
4602;0
15838;0
2915;0
13396;0
6633;0
869;0
9168;0
17622;0
14105;0
9054;0
8569;1
7224;0
3618;0
4561;0
12125;1
16369;0
10626;1
6484;0
1508;0
4307;0
4705;0
3613;0
6694;0
12306;0
13137;0
15106;0
3751;0
5244;0
11161;0
4421;1
16581;0
7187;0
18948;0
14527;0
15651;0
7881;1
19970;0
5429;0
12864;0
11922;0
8649;0
13249;0
11368;1
10420;0
4575;0
15296;1
18205;0
2843;1
9557;0
8328;1
18888;1
8603;0
18895;0
1893;0
8728;1
12619;0
8891;0
11309;0
18956;0
4704;0
2893;0
4123;0
6299;0
8492;0
8403;0
18671;0
16666;0
7500;0
17104;1
1267;0
9289;0
4796;0
10806;0
11511;0
7540;1
2375;0
5098;1
15647;0
18918;0
4390;1
16413;0
19196;0
4785;1
18758;0
13456;0
8255;0
16628;1
7925;0
16713;1
3555;1
10281;0
550;1
12990;1
16139;0
5222;0
9571;0
4089;0
14813;1
8899;0
5955;0
9555;0
16688;0
1657;1
11574;0
4649;1
10119;0
19439;0
14185;0
17908;0
5563;0
4716;0
18841;0
414;1
13138;1
14788;0
10409;0
10961;0
11385;0
8931;0
17897;0
13584;0
19379;0
11584;0
4940;1
3970;1
1463;0
11127;0
3952;0
9532;0
12998;0
17770;0
7711;0
1443;1
2971;0
10327;0
19319;0
16042;1
9391;0
13084;0
8741;0
2187;0
11064;1
4824;0
16414;0
6260;0
9442;1
651;0
1511;0
17381;0
16573;0
8896;0
954;0
2863;0
13341;0
14844;0
8757;0
9831;0
2369;0
2528;0
11058;1
10676;0
7494;0
15062;0
3126;0
3579;0
13327;0
18889;0
19849;0
3333;0
9947;0
4523;0
4044;1
14431;0
10771;0
4663;0
14237;0
1803;1
12839;0
18031;1
12047;1
2618;0
8797;0
11290;0
14580;0
17307;0
19694;0
10974;0
7832;0
963;1
15588;1
16065;1
17815;1
4184;0
9437;0
16862;0
11941;1
12969;1
4395;0
1433;1
11315;0
5806;0
16299;0
18709;0
14498;0
12902;1
4893;0
8850;1
7131;0
1864;0
3939;0
198;0
9401;0
7324;1
7981;1
5585;0
9969;1
10610;0
7083;0
1480;1
12056;0
19847;0
9392;0
17814;0
14938;0
17869;1
13049;1
2743;0
18832;0
3612;0
6294;1
13513;0
7276;0
19436;0
2939;0
17723;0
16276;0
10104;1
12151;0
17782;1
11066;0
15904;0
19129;0
1125;0
4145;0
9797;0
9140;0
17626;0
3625;0
7929;0
4662;0
3220;0
6985;0
7396;0
1631;0
14426;0
1446;0
10142;0
1532;0
16007;0
4532;0
2905;0
10234;1
4345;0
12706;0
19792;1
13398;0
394;0
13511;0
4134;0
12376;0
14689;1
17287;1
285;0
266;0
4867;0
18044;0
7087;1
11201;0
17484;1
8751;0
19304;0
4055;0
9215;0
13436;0
14962;0
5288;0
3089;0
14405;0
7228;0
17027;0
3079;0
9373;0
13569;1
9578;1
5932;0
7120;1
12711;1
13820;1
8266;0
10598;0
13148;1
9200;0
14648;0
13629;0
1157;0
7582;0
16770;1
8218;0
2293;0
19428;1
1207;0
10247;0
9408;1
4799;1
7709;0
14085;1
10253;0
3353;1
600;1
2468;0
8161;0
6943;0
15325;0
17105;1
8021;0
1661;0
516;0
13128;1
5406;0
16097;0
7356;0
7251;0
9244;0
15166;1
7428;0
14694;0
18930;0
14111;0
19160;1
2944;1
6892;0
16292;0
5013;0
4034;0
1585;0
15856;1
13710;1
5491;1
11647;0
8841;0
9154;1
11707;0
13417;0
19189;1
8046;1
13638;0
15732;0
3492;1
10828;0
504;0
11830;1
19749;0
5574;0
14690;0
17781;1
4113;1
9634;0
17669;1
3259;1
9685;0
10933;0
13038;0
11877;1
15739;0
15021;0
16559;0
9987;0
16893;0
5583;0
18251;1
16720;0
6954;0
12466;0
5825;0
12499;0
11445;0
17499;0
10186;1
15337;0
8760;1
17465;0
6769;0
5670;0
6976;1
6352;0
16780;1
2280;1
1447;0
15020;0
18349;0
1426;0
12335;0
17755;1
13974;0
4868;0
8687;0
13612;0
5458;0
6184;0
9141;0
6314;0
4344;1
5185;0
17365;0
589;1
13572;1
12635;0
14758;0
4061;0
13827;0
10879;0
14569;0
2071;0
15520;1
13262;0
9197;0
5355;0
444;0
16080;0
12928;1
17417;1
15052;0
7447;0
18865;0
7871;1
2079;0
6390;1
15655;0
17060;0
8085;0
6379;1
13879;0
14390;0
64;0
18551;0
4425;0
1629;1
4814;0
16782;0
7287;0
2067;0
8611;0
1440;0
6203;0
9029;0
12939;0
10585;0
16051;0
11502;0
4365;1
16443;0
9051;0
17205;1
1283;0
19946;0
11823;0
8531;0
18177;0
4230;0
8031;0
329;0
9371;0
1777;0
5542;1
6069;0
2160;0
11095;0
7591;1
19857;0
12416;0
7410;0
8538;1
8656;0
3794;0
11322;0
699;1
9449;1
2858;0
7910;0
18867;0
9343;1
4952;0
4346;0
14976;0
4245;0
8823;1
4970;1
18905;1
2785;0
10434;0
11757;0
6649;0
10539;1
14324;0
14770;0
2401;0
17161;0
3716;0
3629;0
7658;0
1555;1
17423;0
13469;0
10871;1
13264;0
2788;0
9012;0
11462;0
8952;0
8643;0
10361;0
8232;0
8487;1
11477;0
8032;0
9280;0
16583;1
18372;0
13821;0
51;0
13349;0
976;0
13676;1
12001;0
11226;0
15005;0
5855;0
6678;0
15064;1
15748;0
7780;0
8462;0
9024;0
4636;0
201;0
7238;0
8100;0
19026;0
5014;0
8029;0
9013;0
5021;0
7090;0
6818;0
13674;0
14871;0
1897;0
2714;0
8879;1
19175;0
4583;0
17890;1
1436;0
16744;0
7351;0
14759;0
15479;0
6520;0
10189;0
14642;0
13875;0
5611;0
17803;0
4792;0
15250;1
5259;0
16477;0
7606;0
18765;0
16240;0
14401;0
14808;0
19858;1
15743;1
5393;0
1146;0
4531;1
3729;0
11701;0
1051;0
3027;0
10395;0
8375;1
16860;0
17989;0
17683;0
6357;0
7558;0
18892;1
18345;0
10334;0
11083;0
15324;0
6140;0
17158;1
4037;0
17089;0
10643;0
6912;0
6840;0
9758;0
4264;1
10041;0
8310;0
6196;0
8495;0
656;1
616;0
15430;1
11786;0
14588;0
18801;1
5293;1
9256;0
4216;0
8393;1
8457;0
10873;0
7616;1
16122;1
9612;0
15357;1
6523;1
4403;1
17243;0
18270;1
13809;0
15264;1
418;0
4771;0
4176;1
7016;0
16202;0
5513;0
2660;0
8632;0
12433;0
14968;1
1425;0
13949;1
2495;1
17178;0
18352;1
16736;0
2470;0
1890;0
309;0
6945;0
7079;0
18396;0
15881;1
14402;0
6762;0
8722;0
17120;0
7265;0
2354;0
16742;0
4862;0
1172;0
15606;0
18132;0
8361;0
7350;1
11525;0
5634;0
9053;1
160;1
4992;1
12228;0
4170;1
14241;0
12491;0
13421;0
3509;0
1642;0
6965;1
5655;0
17128;0
5747;0
12452;0
37;0
14024;0
5274;0
17192;1
17997;1
12180;0
5320;0
18837;0
3552;0
19127;1
14545;0
2248;0
8565;0
8109;0
13407;0
12206;1
12722;0
1958;0
3668;0
9762;0
17438;0
18330;0
14270;0
4057;0
5035;1
8223;0
16030;0
14373;0
4003;0
13788;0
16838;0
9035;1
15875;1
544;0
8449;0
16024;0
5736;0
8752;0
18970;0
9643;0
10799;0
7740;0
7346;0
4016;0
18935;0
3595;0
9512;0
8452;0
15146;0
10838;0
487;0
8243;0
12312;0
9103;1
279;0
11443;0
5401;0
6573;0
3989;0
10346;0
17328;0
11655;1
6301;1
5036;0
15978;0
1010;0
1256;0
15681;1
14640;0
8756;0
17497;0
14445;0
17343;1
5027;1
13944;0
17598;0
1244;0
12428;0
92;0
4935;0
13702;1
4209;0
1573;1
13400;0
18790;0
12966;1
1190;0
1019;0
1276;1
6676;0
17266;1
8358;0
12304;0
4571;0
8236;0
1229;0
8666;0
18540;0
8813;0
18844;1
4718;0
16184;0
3489;0
5682;0
8504;0
19140;1
9319;0
17491;0
15863;1
8660;1
15598;0
2313;0
7113;1
14592;0
5607;1
8605;0
9636;0
6251;0
10406;1
12162;0
17449;1
4856;0
10525;0
4434;0
6480;0
19219;0
364;1
17625;0
6147;0
12113;0
11711;0
3215;0
11847;0
9321;1
12742;1
7728;0
320;0
9796;0
16563;0
18512;0
8577;1
17596;1
1811;0
7519;0
2746;1
17632;0
2801;0
10597;0
10786;0
5456;0
3606;0
5250;0
4115;1
569;0
11187;0
11656;0
17361;1
1694;1
12974;0
6969;0
11709;1
13395;0
12661;0
9982;0
5255;0
11305;0
3985;0
2305;0
5251;0
9904;0
17697;0
4672;1
17990;0
15864;0
4606;0
852;1
17949;0
3698;0
4586;0
12172;0
12328;0
1185;0
10906;1
7928;0
462;0
9323;0
1689;0
14883;0
2447;0
19045;1
4995;0
4060;0
13913;0
7579;0
9302;0
16803;0
19137;0
4664;0
531;0
7849;1
11401;1
5237;1
14149;0
6227;1
6502;0
19306;0
10910;0
8238;0
567;0
19616;0
14834;0
8424;0
12664;0
1874;0
9540;0
9345;1
5381;0
652;0
4617;0
9903;0
15104;1
9338;1
6117;0
12516;1
14350;0
7257;0
19113;0
6973;0
19677;1
6951;0
10122;0
13147;1
7035;0
7560;0
4024;0
6891;0
252;0
4173;0
11017;0
1097;1
12114;0
5510;0
15087;0
1823;0
7532;1
4127;0
7963;1
5584;0
13640;0
8946;0
12755;0
17084;0
14513;0
4884;0
552;0
1515;0
6246;1
17987;0
2000;0
17684;0
8681;0
16253;0
18843;0
10259;0
4879;0
17314;1
9480;0
18507;1
15976;1
6338;0
543;0
16193;0
5211;1
16303;1
6108;0
15195;1
7193;0
13404;1
16598;0
19384;0
8510;0
4019;1
3749;1
14190;1
9594;1
2088;0
18300;1
4159;0
8436;0
12171;0
4725;0
17199;0
15533;0
9288;0
15836;0
6435;0
10042;0
15691;1
13931;0
5658;1
18846;0
3377;0
3984;1
248;1
2253;0
13778;0
338;1
12868;0
14990;1
11702;1
15499;1
18286;1
15922;0
920;0
18735;0
9304;0
13177;1
10876;0
8749;1
16078;0
17394;0
7172;0
4384;0
19698;0
5790;0
16826;0
8400;0
8483;0
2325;0
4650;1
19601;0
3566;1
15945;0
8460;0
178;0
13309;0
17842;0
15040;1
5969;0
17123;1
14231;0
5153;0
9800;0
1415;0
1613;0
14482;0
9421;0
9285;0
10939;0
14477;0
10383;0
13844;1
5382;0
9849;0
8480;0
7700;1
9771;1
14374;0
16793;1
8535;1
306;0
10206;0
15017;1
11943;1
1935;1
5871;0
7442;0
18193;0
9621;0
14957;0
2663;1
3205;0
17354;0
8250;0
18386;0
7932;0
15549;0
15943;0
16709;1
12562;1
18237;1
4094;1
5345;0
8262;0
16355;0
9576;0
13579;0
8172;0
1127;1
8910;0
2355;1
18212;0
15389;1
11659;1
18687;0
15784;0
17511;1
8187;0
8873;0
9834;1
16359;0
13735;0
19276;0
19481;1
13607;0
4007;0
10413;0
11833;0
15206;1
5160;0
16345;0
10641;0
6792;0
11626;0
10692;0
1651;0
11710;0
14312;0
8164;0
594;0
15041;0
12717;0
16809;1
2480;0
8003;0
1128;0
2250;1
13680;0
19924;0
1498;0
2374;0
4736;0
2766;0
8169;0
9569;0
8594;0
19815;0
7544;1
9299;0
12973;0
17608;1
11650;1
13281;1
148;0
8726;0
14;0
2914;0
5712;0
9626;1
3788;0
9793;1
11437;0
14575;0
18568;1
19021;1
16810;0
5724;1
16071;0
15624;0
10916;0
11125;1
11551;1
15112;0
405;0
11316;1
9843;1
11153;0
9743;0
10416;0
8;0
6315;0
7274;0
3990;0
11289;0
8229;1
6551;0
8927;0
11684;0
8234;1
6049;0
12547;0
9093;0
2738;0
11729;0
18436;0
5799;0
10869;0
14040;0
12584;1
12947;0
11870;0
15129;0
400;0
11311;0
16906;0
16613;1
16587;0
15196;0
2137;0
2229;0
15045;0
14232;0
11859;0
654;0
13365;0
18697;1
14014;0
9217;0
17312;0
17529;0
17001;0
1023;0
4766;0
9009;0
6837;0
2777;0
10703;0
17969;0
19366;1
18626;0
7384;1
5986;0
12811;0
14868;1
10729;0
17260;0
16515;0
1616;1
15093;1
3146;1
10243;0
12905;0
979;0
13673;0
16069;1
2396;0
9273;0
19190;0
17264;0
19076;0
5202;1
3203;0
4539;0
14363;0
14972;1
15797;0
4613;0
9838;0
123;0
16779;0
17816;0
7358;0
5236;0
16814;0
1170;0
2507;0
10616;0
14493;0
19979;0
7255;0
6554;0
7953;0
16946;0
10034;0
4387;1
5240;1
18362;1
18636;0
961;0
14712;1
13526;0
1243;0
5104;0
12770;0
14481;0
18569;0
12177;0
10232;0
11546;0
11782;0
2166;0
10450;0
1272;0
13984;0
16760;0
5844;0
14637;0
10507;0
7622;1
6933;0
12484;0
7842;1
11497;0
10549;1
7417;1
18363;1
9098;0
16719;1
5420;0
2762;0
9083;0
13056;0
4545;0
8477;1
17431;1
6059;1
2423;0
12124;1
4338;1
5792;0
18092;0
3242;0
3696;1
15352;0
9082;0
3599;0
3078;0
3266;0
18415;1
14986;0
4759;0
2773;0
2745;0
9017;0
9655;0
14043;0
6661;0
6991;1
17658;0
7209;1
14051;0
4754;0
4246;1
4029;0
6208;0
13490;1
1617;0
6975;0
10182;0
9317;0
18096;0
8282;0
10534;0
15252;0
3651;0
2467;0
10350;0
17777;1
13110;0
19422;1
17306;0
18206;0
8096;0
6643;0
19608;0
5374;1
1778;0
4687;0
13605;0
10248;0
12820;0
6765;0
13542;0
10545;0
11131;1
4432;0
3362;0
5197;0
5049;0
7474;1
10656;0
8704;0
7314;0
5626;0
7548;0
7861;0
3198;1
714;0
10132;0
5773;0
13842;0
3577;0
2943;1
11974;0
13924;0
16385;0
14334;1
8547;0
2186;0
1542;0
11274;0
17900;0
13145;1
281;1
18013;0
2455;0
17166;0
9450;0
7416;0
5281;0
3879;1
1442;1
4453;0
17111;1
5025;1
10993;0
838;1
5480;0
11616;0
16945;0
13552;0
15555;0
17059;0
3691;0
6022;0
6653;0
8363;0
16572;0
19433;0
15061;1
13393;0
18487;0
15399;1
960;0
3887;1
12892;0
9699;1
2640;1
12594;0
3257;1
6257;0
15811;0
13152;0
11750;0
3417;0
8901;0
13197;0
6641;0
13634;0
9067;0
16043;0
15000;0
4021;1
4303;0
16867;1
2117;0
19120;0
3270;0
12644;1
6142;1
553;0
7892;0
13078;0
380;1
845;1
6562;0
19947;0
6620;0
19109;1
6596;0
6758;0
14994;1
7046;0
10872;1
6797;0
6712;1
1695;0
7069;0
17405;0
15643;0
10337;0
8746;0
10890;0
17046;1
7682;0
7244;0
2484;0
7520;0
16600;0
12370;0
2994;0
11903;0
11790;0
9411;0
7636;0
5289;0
13034;1
1210;0
11481;1
13047;0
17911;1
13411;0
10857;0
14622;1
2812;0
9860;0
2210;0
18590;0
6283;0
5053;0
19715;1
3197;0
8455;0
10894;1
15262;1
7830;0
11473;1
3207;1
7571;1
5307;0
768;0
8004;0
16637;0
3118;0
10408;0
8843;0
12111;0
4623;0
10784;1
4905;0
7542;1
8360;1
13553;1
14366;0
3500;0
11508;0
9225;1
9466;0
17255;0
6064;0
18534;1
2522;1
11363;0
13191;0
14829;0
2055;0
1068;0
11727;0
337;0
19009;0
10175;0
3286;1
6914;0
3187;0
8897;0
9952;0
5296;1
15519;0
1401;0
18595;0
7554;0
6096;1
11251;0
15274;0
14502;0
4040;1
1287;0
11961;1
12350;0
15590;1
3848;1
619;0
17265;1
10670;1
10628;1
2736;0
11950;0
1884;0
10791;0
8010;0
5822;1
12103;0
8496;1
16931;1
7178;0
11499;0
1652;1
3350;0
17515;1
2862;0
10366;0
4186;0
2781;1
10089;1
4128;0
3926;0
8154;0
1995;0
9567;0
389;0
19718;0
4818;1
15907;0
7666;0
7049;0
1173;0
7776;0
11047;1
11898;0
4932;0
2739;0
3834;0
9396;0
3758;0
7883;0
10957;1
18361;0
1129;0
5816;0
3011;0
6646;0
6032;0
2215;1
1930;0
14705;0
10981;0
17820;0
441;0
4332;0
12330;0
1717;0
13598;1
10155;0
12787;1
6153;0
19471;0
584;0
7183;0
17204;1
16806;0
8354;0
16723;1
8774;1
7229;1
3746;0
15047;0
10065;0
13693;0
9527;0
14764;0
4789;0
17359;0
16825;0
8325;0
9638;0
13689;0
5615;0
11113;0
10550;0
1517;0
7425;0
7884;0
15484;0
6513;1
6202;0
17879;0
18116;0
18201;0
12412;0
3036;0
18937;1
4654;0
10633;1
11355;0
2015;0
5146;1
7921;0
17687;0
15160;0
11745;0
10023;0
7518;0
14046;0
3602;0
10079;0
14966;0
12886;0
13305;0
18873;1
12375;0
19510;0
2364;0
17592;0
19018;1
611;1
3823;0
3046;0
18688;1
6402;1
9848;0
69;0
15504;1
6186;0
8839;0
8827;1
18729;0
13105;0
3308;0
9879;0
11449;0
18555;0
7676;1
3497;0
17325;0
15378;0
19635;0
725;1
13782;0
5399;0
11653;0
6994;0
16578;1
12679;0
11071;0
9327;0
11661;0
6838;0
2664;0
16040;0
13992;0
5789;0
14979;1
6167;1
6331;1
8658;0
385;0
16287;0
9106;0
15895;0
15153;1
7125;0
13169;0
17865;0
9583;0
16954;0
15685;1
1659;0
18434;0
7653;0
7488;0
7999;0
18784;1
7308;0
9930;0
19789;0
13015;1
18102;0
11206;0
14010;0
14627;1
223;0
6588;0
13571;0
18424;1
8691;0
13143;0
18571;0
8090;0
12334;0
9219;1
7367;1
8680;0
11884;0
19702;0
9591;1
5397;0
2162;0
10148;0
1355;0
14392;0
65;0
4877;1
5334;0
6033;1
4097;0
10442;0
9599;0
15170;0
1697;0
4302;0
18316;1
12156;0
19877;0
5415;1
14225;1
5972;0
9635;0
3532;0
7381;0
5310;1
11905;0
2120;0
4493;0
13751;0
11588;0
7852;0
8080;0
18730;0
1369;0
5483;0
4729;0
2038;1
546;0
16435;0
13995;1
3437;0
9614;0
488;0
659;0
4398;0
19182;0
13106;0
8412;0
8222;1
17348;0
13812;0
13770;0
2226;1
14345;0
17313;0
406;0
4174;0
17739;0
11281;0
1060;0
7240;0
7127;0
7011;0
9673;1
7722;0
7357;0
10430;0
12263;1
15773;1
12239;0
1073;0
4755;0
3928;0
1217;0
10105;0
11013;1
13967;0
5606;0
14109;0
13662;0
15507;1
18866;0
2927;0
14524;0
7894;0
2139;0
7683;1
15964;0
6856;0
16125;0
16702;0
2879;0
17119;0
16892;0
2104;0
10696;0
18951;0
4890;1
17524;1
11953;1
7546;0
17051;0
15156;1
323;0
7744;0
7202;1
6865;0
11803;0
16025;0
16545;0
1878;0
15790;1
18802;0
1926;0
4377;0
16956;1
17284;0
14016;0
6834;0
3709;0
6308;0
1413;1
13849;0
3341;0
6074;0
9966;0
17606;0
15375;0
7510;0
15398;0
2129;0
12909;0
3446;0
7561;0
7269;0
9590;0
6464;1
1568;1
10591;0
13048;0
12530;0
17896;0
15229;0
11693;0
18023;0
3965;1
46;0
2526;0
1605;0
2710;0
16868;0
8499;0
5319;0
8817;1
